Workbook

Sheet Активисты
A1: ФИО | B1: Имя ККР | C1: Номер группы | D1: Место жительства | E1: Блоки | F1: Телефон | G1: ВК | H1: Telegram | I1: Почта | J1: Форма обучения
A2: Авагян Армен Каренович | B2: =LEFT(A2,FIND(CHAR(160),SUBSTITUTE(A2," ",CHAR(160),2)) - 1) -> Авагян Армен | C2: 324 | D2: Метро Озерная | E2: {=IF(ISERROR(MATCH(1,INDEX(('Списки блоков'!$B$2:$B986=B2)*(ROW('Списки блоков'!$B$2:$B986)<>ROW('Списки блоков'!$B$3)),0),0)),"","БДНС,") &IF(ISERROR(MATCH(1,INDEX(('Списки блоков'!$C$2:$C986=B2)*(ROW('Списки блоков'!$C$2:$C986)<>ROW('Списки блоков'!$C$3)),0),0)),"","Видеолаба,") &IF(ISERROR(MATCH(1,INDEX(('Списки блоков'!$D$2:$D986=B2)*(ROW('Списки блоков'!$D$2:$D986)<>ROW('Списки блоков'!$D$3)),0),0)),"","Декораторы,") &IF(ISERROR(MATCH(1,INDEX(('Списки блоков'!$E$2:$E986=B2)*(ROW('Списки блоков'!$E$2:$E986)<>ROW('Списки блоков'!$E$3)),0),0)),"","Дизайн,") &IF(ISERROR(MATCH(1,INDEX(('Списки блоков'!$F$2:$F986=B2)*(ROW('Списки блоков'!$F$2:$F986)<>ROW('Списки блоков'!$F$3)),0),0)),"","Досуг,") &IF(ISERROR(MATCH(1,INDEX(('Списки блоков'!$G$2:$G986=B2)*(ROW('Списки блоков'!$G$2:$G986)<>ROW('Списки блоков'!$G$3)),0),0)),"","Закупки,") &IF(ISERROR(MATCH(1,INDEX(('Списки блоков'!$H$2:$H986=B2)*(ROW('Списки блоков'!$H$2:$H986)<>ROW('Списки блоков'!$H$3)),0),0)),"","ИнфоБлок,") &IF(ISERROR(MATCH(1,INDEX(('Списки блоков'!$I$2:$I986=B2)*(ROW('Списки блоков'!$I$2:$I986)<>ROW('Списки блоков'!$I$3)),0),0)),"","КГ,") &IF(ISERROR(MATCH(1,INDEX(('Списки блоков'!$J$2:$J986=B2)*(ROW('Списки блоков'!$J$2:$J986)<>ROW('Списки блоков'!$J$3)),0),0)),"","МП,") &IF(ISERROR(MATCH(1,INDEX(('Списки блоков'!$K$2:$K986=B2)*(ROW('Списки блоков'!$K$2:$K986)<>ROW('Списки блоков'!$K$3)),0),0)),"","Профорги,") &IF(ISERROR(MATCH(1,INDEX(('Списки блоков'!$L$2:$L986=B2)*(ROW('Списки блоков'!$L$2:$L986)<>ROW('Списки блоков'!$L$3)),0),0)),"","Спонсоры,") &IF(ISERROR(MATCH(1,INDEX(('Списки блоков'!$M$2:$M986=B2)*(ROW('Списки блоков'!$M$2:$M986)<>ROW('Списки блоков'!$M$3)),0),0)),"","Склад,") &IF(ISERROR(MATCH(1,INDEX(('Списки блоков'!$N$2:$N986=B2)*(ROW('Списки блоков'!$N$2:$N986)<>ROW('Списки блоков'!$N$3)),0),0)),"","Сценаристы,") &IF(ISERROR(MATCH(1,INDEX(('Списки блоков'!$O$2:$O986=B2)*(ROW('Списки блоков'!$O$2:$O986)<>ROW('Списки блоков'!$O$3)),0),0)),"","Техники,") &IF(ISERROR(MATCH(1,INDEX(('Списки блоков'!$P$2:$P986=B2)*(ROW('Списки блоков'!$P$2:$P986)<>ROW('Списки блоков'!$P$3)),0),0)),"","УРС,") &IF(ISERROR(MATCH(1,INDEX(('Списки блоков'!$Q$2:$Q986=B2)*(ROW('Списки блоков'!$Q$2:$Q986)<>ROW('Списки блоков'!$Q$3)),0),0)),"","Фото,") &IF(ISERROR(MATCH(1,INDEX((#REF!=B2)*(ROW(#REF!)<>ROW(#REF!)),0),0)),"","ЭкоБлок,") &IF(ISERROR(MATCH(1,INDEX(('Списки блоков'!$R$2:$R986=B2)*(ROW('Списки блоков'!$R$2:$R986)<>ROW('Списки блоков'!$R$3)),0),0)),"","HR,") &IF(ISERROR(MATCH(1,INDEX(('Списки блоков'!$S$2:$S986=B2)*(ROW('Списки блоков'!$S$2:$S986)<>ROW('Списки блоков'!$S$3)),0),0)),"","Instagram,") &IF(ISERROR(MATCH(1,INDEX(('Списки блоков'!$T$2:$T986=B2)*(ROW('Списки блоков'!$T$2:$T986)<>ROW('Списки блоков'!$T$3)),0),0)),"","Zachёt,") &IF(ISERROR(MATCH(1,INDEX(('Списки блоков'!$U$2:$U986=B2)*(ROW('Списки блоков'!$U$2:$U986)<>ROW('Списки блоков'!$U$3)),0),0)),"","IT,") &IF(ISERROR(MATCH(1,INDEX(('Списки блоков'!$V$2:$V986=B2)*(ROW('Списки блоков'!$V$2:$V986)<>ROW('Списки блоков'!$V$3)),0),0)),"","ДК,")} -> Склад,Техники,Фото, | F2: 89688288304 | G2: https://vk.com/aksel2 | H2: t.me/aksel2 | I2: armen0162@gmail.com | J2: Контракт
A3: Алексеева Алена Алексеевна | B3: Алексеева Алена(old) | C3: 318 | D3: м. Шипиловская | E3: {=IF(ISERROR(MATCH(1,INDEX(('Списки блоков'!$B$2:$B986=B3)*(ROW('Списки блоков'!$B$2:$B986)<>ROW('Списки блоков'!$B$3)),0),0)),"","БДНС,") &IF(ISERROR(MATCH(1,INDEX(('Списки блоков'!$C$2:$C986=B3)*(ROW('Списки блоков'!$C$2:$C986)<>ROW('Списки блоков'!$C$3)),0),0)),"","Видеолаба,") &IF(ISERROR(MATCH(1,INDEX(('Списки блоков'!$D$2:$D986=B3)*(ROW('Списки блоков'!$D$2:$D986)<>ROW('Списки блоков'!$D$3)),0),0)),"","Декораторы,") &IF(ISERROR(MATCH(1,INDEX(('Списки блоков'!$E$2:$E986=B3)*(ROW('Списки блоков'!$E$2:$E986)<>ROW('Списки блоков'!$E$3)),0),0)),"","Дизайн,") &IF(ISERROR(MATCH(1,INDEX(('Списки блоков'!$F$2:$F986=B3)*(ROW('Списки блоков'!$F$2:$F986)<>ROW('Списки блоков'!$F$3)),0),0)),"","Досуг,") &IF(ISERROR(MATCH(1,INDEX(('Списки блоков'!$G$2:$G986=B3)*(ROW('Списки блоков'!$G$2:$G986)<>ROW('Списки блоков'!$G$3)),0),0)),"","Закупки,") &IF(ISERROR(MATCH(1,INDEX(('Списки блоков'!$H$2:$H986=B3)*(ROW('Списки блоков'!$H$2:$H986)<>ROW('Списки блоков'!$H$3)),0),0)),"","ИнфоБлок,") &IF(ISERROR(MATCH(1,INDEX(('Списки блоков'!$I$2:$I986=B3)*(ROW('Списки блоков'!$I$2:$I986)<>ROW('Списки блоков'!$I$3)),0),0)),"","КГ,") &IF(ISERROR(MATCH(1,INDEX(('Списки блоков'!$J$2:$J986=B3)*(ROW('Списки блоков'!$J$2:$J986)<>ROW('Списки блоков'!$J$3)),0),0)),"","МП,") &IF(ISERROR(MATCH(1,INDEX(('Списки блоков'!$K$2:$K986=B3)*(ROW('Списки блоков'!$K$2:$K986)<>ROW('Списки блоков'!$K$3)),0),0)),"","Профорги,") &IF(ISERROR(MATCH(1,INDEX(('Списки блоков'!$L$2:$L986=B3)*(ROW('Списки блоков'!$L$2:$L986)<>ROW('Списки блоков'!$L$3)),0),0)),"","Спонсоры,") &IF(ISERROR(MATCH(1,INDEX(('Списки блоков'!$M$2:$M986=B3)*(ROW('Списки блоков'!$M$2:$M986)<>ROW('Списки блоков'!$M$3)),0),0)),"","Склад,") &IF(ISERROR(MATCH(1,INDEX(('Списки блоков'!$N$2:$N986=B3)*(ROW('Списки блоков'!$N$2:$N986)<>ROW('Списки блоков'!$N$3)),0),0)),"","Сценаристы,") &IF(ISERROR(MATCH(1,INDEX(('Списки блоков'!$O$2:$O986=B3)*(ROW('Списки блоков'!$O$2:$O986)<>ROW('Списки блоков'!$O$3)),0),0)),"","Техники,") &IF(ISERROR(MATCH(1,INDEX(('Списки блоков'!$P$2:$P986=B3)*(ROW('Списки блоков'!$P$2:$P986)<>ROW('Списки блоков'!$P$3)),0),0)),"","УРС,") &IF(ISERROR(MATCH(1,INDEX(('Списки блоков'!$Q$2:$Q986=B3)*(ROW('Списки блоков'!$Q$2:$Q986)<>ROW('Списки блоков'!$Q$3)),0),0)),"","Фото,") &IF(ISERROR(MATCH(1,INDEX((#REF!=B3)*(ROW(#REF!)<>ROW(#REF!)),0),0)),"","ЭкоБлок,") &IF(ISERROR(MATCH(1,INDEX(('Списки блоков'!$R$2:$R986=B3)*(ROW('Списки блоков'!$R$2:$R986)<>ROW('Списки блоков'!$R$3)),0),0)),"","HR,") &IF(ISERROR(MATCH(1,INDEX(('Списки блоков'!$S$2:$S986=B3)*(ROW('Списки блоков'!$S$2:$S986)<>ROW('Списки блоков'!$S$3)),0),0)),"","Instagram,") &IF(ISERROR(MATCH(1,INDEX(('Списки блоков'!$T$2:$T986=B3)*(ROW('Списки блоков'!$T$2:$T986)<>ROW('Списки блоков'!$T$3)),0),0)),"","Zachёt,") &IF(ISERROR(MATCH(1,INDEX(('Списки блоков'!$U$2:$U986=B3)*(ROW('Списки блоков'!$U$2:$U986)<>ROW('Списки блоков'!$U$3)),0),0)),"","IT,") &IF(ISERROR(MATCH(1,INDEX(('Списки блоков'!$V$2:$V986=B3)*(ROW('Списки блоков'!$V$2:$V986)<>ROW('Списки блоков'!$V$3)),0),0)),"","ДК,")} -> Видеолаба,Декораторы,Дизайн,Склад,Сценаристы,УРС,Фото,HR,IT,ДК, | F3: 89163567797 | G3: https://vk.com/vrodealyona | H3: @megagnom111 | I3: alenushka2507@gmail.com | J3: Бюджет
A4: Алексеева Алена Игоревна | B4: Алексеева Алена(new) | C4: 215 | D4: Одинцово, Садовая 28а | E4: {=IF(ISERROR(MATCH(1,INDEX(('Списки блоков'!$B$2:$B986=B4)*(ROW('Списки блоков'!$B$2:$B986)<>ROW('Списки блоков'!$B$3)),0),0)),"","БДНС,") &IF(ISERROR(MATCH(1,INDEX(('Списки блоков'!$C$2:$C986=B4)*(ROW('Списки блоков'!$C$2:$C986)<>ROW('Списки блоков'!$C$3)),0),0)),"","Видеолаба,") &IF(ISERROR(MATCH(1,INDEX(('Списки блоков'!$D$2:$D986=B4)*(ROW('Списки блоков'!$D$2:$D986)<>ROW('Списки блоков'!$D$3)),0),0)),"","Декораторы,") &IF(ISERROR(MATCH(1,INDEX(('Списки блоков'!$E$2:$E986=B4)*(ROW('Списки блоков'!$E$2:$E986)<>ROW('Списки блоков'!$E$3)),0),0)),"","Дизайн,") &IF(ISERROR(MATCH(1,INDEX(('Списки блоков'!$F$2:$F986=B4)*(ROW('Списки блоков'!$F$2:$F986)<>ROW('Списки блоков'!$F$3)),0),0)),"","Досуг,") &IF(ISERROR(MATCH(1,INDEX(('Списки блоков'!$G$2:$G986=B4)*(ROW('Списки блоков'!$G$2:$G986)<>ROW('Списки блоков'!$G$3)),0),0)),"","Закупки,") &IF(ISERROR(MATCH(1,INDEX(('Списки блоков'!$H$2:$H986=B4)*(ROW('Списки блоков'!$H$2:$H986)<>ROW('Списки блоков'!$H$3)),0),0)),"","ИнфоБлок,") &IF(ISERROR(MATCH(1,INDEX(('Списки блоков'!$I$2:$I986=B4)*(ROW('Списки блоков'!$I$2:$I986)<>ROW('Списки блоков'!$I$3)),0),0)),"","КГ,") &IF(ISERROR(MATCH(1,INDEX(('Списки блоков'!$J$2:$J986=B4)*(ROW('Списки блоков'!$J$2:$J986)<>ROW('Списки блоков'!$J$3)),0),0)),"","МП,") &IF(ISERROR(MATCH(1,INDEX(('Списки блоков'!$K$2:$K986=B4)*(ROW('Списки блоков'!$K$2:$K986)<>ROW('Списки блоков'!$K$3)),0),0)),"","Профорги,") &IF(ISERROR(MATCH(1,INDEX(('Списки блоков'!$L$2:$L986=B4)*(ROW('Списки блоков'!$L$2:$L986)<>ROW('Списки блоков'!$L$3)),0),0)),"","Спонсоры,") &IF(ISERROR(MATCH(1,INDEX(('Списки блоков'!$M$2:$M986=B4)*(ROW('Списки блоков'!$M$2:$M986)<>ROW('Списки блоков'!$M$3)),0),0)),"","Склад,") &IF(ISERROR(MATCH(1,INDEX(('Списки блоков'!$N$2:$N986=B4)*(ROW('Списки блоков'!$N$2:$N986)<>ROW('Списки блоков'!$N$3)),0),0)),"","Сценаристы,") &IF(ISERROR(MATCH(1,INDEX(('Списки блоков'!$O$2:$O986=B4)*(ROW('Списки блоков'!$O$2:$O986)<>ROW('Списки блоков'!$O$3)),0),0)),"","Техники,") &IF(ISERROR(MATCH(1,INDEX(('Списки блоков'!$P$2:$P986=B4)*(ROW('Списки блоков'!$P$2:$P986)<>ROW('Списки блоков'!$P$3)),0),0)),"","УРС,") &IF(ISERROR(MATCH(1,INDEX(('Списки блоков'!$Q$2:$Q986=B4)*(ROW('Списки блоков'!$Q$2:$Q986)<>ROW('Списки блоков'!$Q$3)),0),0)),"","Фото,") &IF(ISERROR(MATCH(1,INDEX((#REF!=B4)*(ROW(#REF!)<>ROW(#REF!)),0),0)),"","ЭкоБлок,") &IF(ISERROR(MATCH(1,INDEX(('Списки блоков'!$R$2:$R986=B4)*(ROW('Списки блоков'!$R$2:$R986)<>ROW('Списки блоков'!$R$3)),0),0)),"","HR,") &IF(ISERROR(MATCH(1,INDEX(('Списки блоков'!$S$2:$S986=B4)*(ROW('Списки блоков'!$S$2:$S986)<>ROW('Списки блоков'!$S$3)),0),0)),"","Instagram,") &IF(ISERROR(MATCH(1,INDEX(('Списки блоков'!$T$2:$T986=B4)*(ROW('Списки блоков'!$T$2:$T986)<>ROW('Списки блоков'!$T$3)),0),0)),"","Zachёt,") &IF(ISERROR(MATCH(1,INDEX(('Списки блоков'!$U$2:$U986=B4)*(ROW('Списки блоков'!$U$2:$U986)<>ROW('Списки блоков'!$U$3)),0),0)),"","IT,") &IF(ISERROR(MATCH(1,INDEX(('Списки блоков'!$V$2:$V986=B4)*(ROW('Списки блоков'!$V$2:$V986)<>ROW('Списки блоков'!$V$3)),0),0)),"","ДК,")} -> МП, | F4: 89639224348 | G4: https://vk.com/olenenok1108 | H4: t.me/Alionka1108 | I4: alena.alekseeva.1108@gmail.com | J4: Бюджет
A5: Альтерман Лев Михайлович | B5: =LEFT(A5,FIND(CHAR(160),SUBSTITUTE(A5," ",CHAR(160),2)) - 1) -> Альтерман Лев | C5: 530 | D5: ЦСКА/Полежаевская | E5: {=IF(ISERROR(MATCH(1,INDEX(('Списки блоков'!$B$2:$B986=B5)*(ROW('Списки блоков'!$B$2:$B986)<>ROW('Списки блоков'!$B$3)),0),0)),"","БДНС,") &IF(ISERROR(MATCH(1,INDEX(('Списки блоков'!$C$2:$C986=B5)*(ROW('Списки блоков'!$C$2:$C986)<>ROW('Списки блоков'!$C$3)),0),0)),"","Видеолаба,") &IF(ISERROR(MATCH(1,INDEX(('Списки блоков'!$D$2:$D986=B5)*(ROW('Списки блоков'!$D$2:$D986)<>ROW('Списки блоков'!$D$3)),0),0)),"","Декораторы,") &IF(ISERROR(MATCH(1,INDEX(('Списки блоков'!$E$2:$E986=B5)*(ROW('Списки блоков'!$E$2:$E986)<>ROW('Списки блоков'!$E$3)),0),0)),"","Дизайн,") &IF(ISERROR(MATCH(1,INDEX(('Списки блоков'!$F$2:$F986=B5)*(ROW('Списки блоков'!$F$2:$F986)<>ROW('Списки блоков'!$F$3)),0),0)),"","Досуг,") &IF(ISERROR(MATCH(1,INDEX(('Списки блоков'!$G$2:$G986=B5)*(ROW('Списки блоков'!$G$2:$G986)<>ROW('Списки блоков'!$G$3)),0),0)),"","Закупки,") &IF(ISERROR(MATCH(1,INDEX(('Списки блоков'!$H$2:$H986=B5)*(ROW('Списки блоков'!$H$2:$H986)<>ROW('Списки блоков'!$H$3)),0),0)),"","ИнфоБлок,") &IF(ISERROR(MATCH(1,INDEX(('Списки блоков'!$I$2:$I986=B5)*(ROW('Списки блоков'!$I$2:$I986)<>ROW('Списки блоков'!$I$3)),0),0)),"","КГ,") &IF(ISERROR(MATCH(1,INDEX(('Списки блоков'!$J$2:$J986=B5)*(ROW('Списки блоков'!$J$2:$J986)<>ROW('Списки блоков'!$J$3)),0),0)),"","МП,") &IF(ISERROR(MATCH(1,INDEX(('Списки блоков'!$K$2:$K986=B5)*(ROW('Списки блоков'!$K$2:$K986)<>ROW('Списки блоков'!$K$3)),0),0)),"","Профорги,") &IF(ISERROR(MATCH(1,INDEX(('Списки блоков'!$L$2:$L986=B5)*(ROW('Списки блоков'!$L$2:$L986)<>ROW('Списки блоков'!$L$3)),0),0)),"","Спонсоры,") &IF(ISERROR(MATCH(1,INDEX(('Списки блоков'!$M$2:$M986=B5)*(ROW('Списки блоков'!$M$2:$M986)<>ROW('Списки блоков'!$M$3)),0),0)),"","Склад,") &IF(ISERROR(MATCH(1,INDEX(('Списки блоков'!$N$2:$N986=B5)*(ROW('Списки блоков'!$N$2:$N986)<>ROW('Списки блоков'!$N$3)),0),0)),"","Сценаристы,") &IF(ISERROR(MATCH(1,INDEX(('Списки блоков'!$O$2:$O986=B5)*(ROW('Списки блоков'!$O$2:$O986)<>ROW('Списки блоков'!$O$3)),0),0)),"","Техники,") &IF(ISERROR(MATCH(1,INDEX(('Списки блоков'!$P$2:$P986=B5)*(ROW('Списки блоков'!$P$2:$P986)<>ROW('Списки блоков'!$P$3)),0),0)),"","УРС,") &IF(ISERROR(MATCH(1,INDEX(('Списки блоков'!$Q$2:$Q986=B5)*(ROW('Списки блоков'!$Q$2:$Q986)<>ROW('Списки блоков'!$Q$3)),0),0)),"","Фото,") &IF(ISERROR(MATCH(1,INDEX((#REF!=B5)*(ROW(#REF!)<>ROW(#REF!)),0),0)),"","ЭкоБлок,") &IF(ISERROR(MATCH(1,INDEX(('Списки блоков'!$R$2:$R986=B5)*(ROW('Списки блоков'!$R$2:$R986)<>ROW('Списки блоков'!$R$3)),0),0)),"","HR,") &IF(ISERROR(MATCH(1,INDEX(('Списки блоков'!$S$2:$S986=B5)*(ROW('Списки блоков'!$S$2:$S986)<>ROW('Списки блоков'!$S$3)),0),0)),"","Instagram,") &IF(ISERROR(MATCH(1,INDEX(('Списки блоков'!$T$2:$T986=B5)*(ROW('Списки блоков'!$T$2:$T986)<>ROW('Списки блоков'!$T$3)),0),0)),"","Zachёt,") &IF(ISERROR(MATCH(1,INDEX(('Списки блоков'!$U$2:$U986=B5)*(ROW('Списки блоков'!$U$2:$U986)<>ROW('Списки блоков'!$U$3)),0),0)),"","IT,") &IF(ISERROR(MATCH(1,INDEX(('Списки блоков'!$V$2:$V986=B5)*(ROW('Списки блоков'!$V$2:$V986)<>ROW('Списки блоков'!$V$3)),0),0)),"","ДК,")} -> Закупки,Спонсоры,Фото,Instagram, | F5: 89163819339 | G5: https://vk.com/id246208831 | H5: https://t.me/lev_alterman | I5: leva.alm@gmail.com | J5: Бюджет
A6: Андреев Илья Андреевич | B6: =LEFT(A6,FIND(CHAR(160),SUBSTITUTE(A6," ",CHAR(160),2)) - 1) -> Андреев Илья | C6: 324 | D6: Одинцово, Говорова 50(станция Баковка) | E6: {=IF(ISERROR(MATCH(1,INDEX(('Списки блоков'!$B$2:$B986=B6)*(ROW('Списки блоков'!$B$2:$B986)<>ROW('Списки блоков'!$B$3)),0),0)),"","БДНС,") &IF(ISERROR(MATCH(1,INDEX(('Списки блоков'!$C$2:$C986=B6)*(ROW('Списки блоков'!$C$2:$C986)<>ROW('Списки блоков'!$C$3)),0),0)),"","Видеолаба,") &IF(ISERROR(MATCH(1,INDEX(('Списки блоков'!$D$2:$D986=B6)*(ROW('Списки блоков'!$D$2:$D986)<>ROW('Списки блоков'!$D$3)),0),0)),"","Декораторы,") &IF(ISERROR(MATCH(1,INDEX(('Списки блоков'!$E$2:$E986=B6)*(ROW('Списки блоков'!$E$2:$E986)<>ROW('Списки блоков'!$E$3)),0),0)),"","Дизайн,") &IF(ISERROR(MATCH(1,INDEX(('Списки блоков'!$F$2:$F986=B6)*(ROW('Списки блоков'!$F$2:$F986)<>ROW('Списки блоков'!$F$3)),0),0)),"","Досуг,") &IF(ISERROR(MATCH(1,INDEX(('Списки блоков'!$G$2:$G986=B6)*(ROW('Списки блоков'!$G$2:$G986)<>ROW('Списки блоков'!$G$3)),0),0)),"","Закупки,") &IF(ISERROR(MATCH(1,INDEX(('Списки блоков'!$H$2:$H986=B6)*(ROW('Списки блоков'!$H$2:$H986)<>ROW('Списки блоков'!$H$3)),0),0)),"","ИнфоБлок,") &IF(ISERROR(MATCH(1,INDEX(('Списки блоков'!$I$2:$I986=B6)*(ROW('Списки блоков'!$I$2:$I986)<>ROW('Списки блоков'!$I$3)),0),0)),"","КГ,") &IF(ISERROR(MATCH(1,INDEX(('Списки блоков'!$J$2:$J986=B6)*(ROW('Списки блоков'!$J$2:$J986)<>ROW('Списки блоков'!$J$3)),0),0)),"","МП,") &IF(ISERROR(MATCH(1,INDEX(('Списки блоков'!$K$2:$K986=B6)*(ROW('Списки блоков'!$K$2:$K986)<>ROW('Списки блоков'!$K$3)),0),0)),"","Профорги,") &IF(ISERROR(MATCH(1,INDEX(('Списки блоков'!$L$2:$L986=B6)*(ROW('Списки блоков'!$L$2:$L986)<>ROW('Списки блоков'!$L$3)),0),0)),"","Спонсоры,") &IF(ISERROR(MATCH(1,INDEX(('Списки блоков'!$M$2:$M986=B6)*(ROW('Списки блоков'!$M$2:$M986)<>ROW('Списки блоков'!$M$3)),0),0)),"","Склад,") &IF(ISERROR(MATCH(1,INDEX(('Списки блоков'!$N$2:$N986=B6)*(ROW('Списки блоков'!$N$2:$N986)<>ROW('Списки блоков'!$N$3)),0),0)),"","Сценаристы,") &IF(ISERROR(MATCH(1,INDEX(('Списки блоков'!$O$2:$O986=B6)*(ROW('Списки блоков'!$O$2:$O986)<>ROW('Списки блоков'!$O$3)),0),0)),"","Техники,") &IF(ISERROR(MATCH(1,INDEX(('Списки блоков'!$P$2:$P986=B6)*(ROW('Списки блоков'!$P$2:$P986)<>ROW('Списки блоков'!$P$3)),0),0)),"","УРС,") &IF(ISERROR(MATCH(1,INDEX(('Списки блоков'!$Q$2:$Q986=B6)*(ROW('Списки блоков'!$Q$2:$Q986)<>ROW('Списки блоков'!$Q$3)),0),0)),"","Фото,") &IF(ISERROR(MATCH(1,INDEX((#REF!=B6)*(ROW(#REF!)<>ROW(#REF!)),0),0)),"","ЭкоБлок,") &IF(ISERROR(MATCH(1,INDEX(('Списки блоков'!$R$2:$R986=B6)*(ROW('Списки блоков'!$R$2:$R986)<>ROW('Списки блоков'!$R$3)),0),0)),"","HR,") &IF(ISERROR(MATCH(1,INDEX(('Списки блоков'!$S$2:$S986=B6)*(ROW('Списки блоков'!$S$2:$S986)<>ROW('Списки блоков'!$S$3)),0),0)),"","Instagram,") &IF(ISERROR(MATCH(1,INDEX(('Списки блоков'!$T$2:$T986=B6)*(ROW('Списки блоков'!$T$2:$T986)<>ROW('Списки блоков'!$T$3)),0),0)),"","Zachёt,") &IF(ISERROR(MATCH(1,INDEX(('Списки блоков'!$U$2:$U986=B6)*(ROW('Списки блоков'!$U$2:$U986)<>ROW('Списки блоков'!$U$3)),0),0)),"","IT,") &IF(ISERROR(MATCH(1,INDEX(('Списки блоков'!$V$2:$V986=B6)*(ROW('Списки блоков'!$V$2:$V986)<>ROW('Списки блоков'!$V$3)),0),0)),"","ДК,")} -> Сценаристы,Фото, | F6: 89858741573 | G6: https://vk.com/id819691181 | H6: @Fantom_1324 | I6: Andreyevilia@gmail.com | J6: Контракт
A7: Андреева Елена Витальевна | B7: =LEFT(A7,FIND(CHAR(160),SUBSTITUTE(A7," ",CHAR(160),2)) - 1) -> Андреева Елена | C7: 424 | D7: Гз | E7: {=IF(ISERROR(MATCH(1,INDEX(('Списки блоков'!$B$2:$B986=B7)*(ROW('Списки блоков'!$B$2:$B986)<>ROW('Списки блоков'!$B$3)),0),0)),"","БДНС,") &IF(ISERROR(MATCH(1,INDEX(('Списки блоков'!$C$2:$C986=B7)*(ROW('Списки блоков'!$C$2:$C986)<>ROW('Списки блоков'!$C$3)),0),0)),"","Видеолаба,") &IF(ISERROR(MATCH(1,INDEX(('Списки блоков'!$D$2:$D986=B7)*(ROW('Списки блоков'!$D$2:$D986)<>ROW('Списки блоков'!$D$3)),0),0)),"","Декораторы,") &IF(ISERROR(MATCH(1,INDEX(('Списки блоков'!$E$2:$E986=B7)*(ROW('Списки блоков'!$E$2:$E986)<>ROW('Списки блоков'!$E$3)),0),0)),"","Дизайн,") &IF(ISERROR(MATCH(1,INDEX(('Списки блоков'!$F$2:$F986=B7)*(ROW('Списки блоков'!$F$2:$F986)<>ROW('Списки блоков'!$F$3)),0),0)),"","Досуг,") &IF(ISERROR(MATCH(1,INDEX(('Списки блоков'!$G$2:$G986=B7)*(ROW('Списки блоков'!$G$2:$G986)<>ROW('Списки блоков'!$G$3)),0),0)),"","Закупки,") &IF(ISERROR(MATCH(1,INDEX(('Списки блоков'!$H$2:$H986=B7)*(ROW('Списки блоков'!$H$2:$H986)<>ROW('Списки блоков'!$H$3)),0),0)),"","ИнфоБлок,") &IF(ISERROR(MATCH(1,INDEX(('Списки блоков'!$I$2:$I986=B7)*(ROW('Списки блоков'!$I$2:$I986)<>ROW('Списки блоков'!$I$3)),0),0)),"","КГ,") &IF(ISERROR(MATCH(1,INDEX(('Списки блоков'!$J$2:$J986=B7)*(ROW('Списки блоков'!$J$2:$J986)<>ROW('Списки блоков'!$J$3)),0),0)),"","МП,") &IF(ISERROR(MATCH(1,INDEX(('Списки блоков'!$K$2:$K986=B7)*(ROW('Списки блоков'!$K$2:$K986)<>ROW('Списки блоков'!$K$3)),0),0)),"","Профорги,") &IF(ISERROR(MATCH(1,INDEX(('Списки блоков'!$L$2:$L986=B7)*(ROW('Списки блоков'!$L$2:$L986)<>ROW('Списки блоков'!$L$3)),0),0)),"","Спонсоры,") &IF(ISERROR(MATCH(1,INDEX(('Списки блоков'!$M$2:$M986=B7)*(ROW('Списки блоков'!$M$2:$M986)<>ROW('Списки блоков'!$M$3)),0),0)),"","Склад,") &IF(ISERROR(MATCH(1,INDEX(('Списки блоков'!$N$2:$N986=B7)*(ROW('Списки блоков'!$N$2:$N986)<>ROW('Списки блоков'!$N$3)),0),0)),"","Сценаристы,") &IF(ISERROR(MATCH(1,INDEX(('Списки блоков'!$O$2:$O986=B7)*(ROW('Списки блоков'!$O$2:$O986)<>ROW('Списки блоков'!$O$3)),0),0)),"","Техники,") &IF(ISERROR(MATCH(1,INDEX(('Списки блоков'!$P$2:$P986=B7)*(ROW('Списки блоков'!$P$2:$P986)<>ROW('Списки блоков'!$P$3)),0),0)),"","УРС,") &IF(ISERROR(MATCH(1,INDEX(('Списки блоков'!$Q$2:$Q986=B7)*(ROW('Списки блоков'!$Q$2:$Q986)<>ROW('Списки блоков'!$Q$3)),0),0)),"","Фото,") &IF(ISERROR(MATCH(1,INDEX((#REF!=B7)*(ROW(#REF!)<>ROW(#REF!)),0),0)),"","ЭкоБлок,") &IF(ISERROR(MATCH(1,INDEX(('Списки блоков'!$R$2:$R986=B7)*(ROW('Списки блоков'!$R$2:$R986)<>ROW('Списки блоков'!$R$3)),0),0)),"","HR,") &IF(ISERROR(MATCH(1,INDEX(('Списки блоков'!$S$2:$S986=B7)*(ROW('Списки блоков'!$S$2:$S986)<>ROW('Списки блоков'!$S$3)),0),0)),"","Instagram,") &IF(ISERROR(MATCH(1,INDEX(('Списки блоков'!$T$2:$T986=B7)*(ROW('Списки блоков'!$T$2:$T986)<>ROW('Списки блоков'!$T$3)),0),0)),"","Zachёt,") &IF(ISERROR(MATCH(1,INDEX(('Списки блоков'!$U$2:$U986=B7)*(ROW('Списки блоков'!$U$2:$U986)<>ROW('Списки блоков'!$U$3)),0),0)),"","IT,") &IF(ISERROR(MATCH(1,INDEX(('Списки блоков'!$V$2:$V986=B7)*(ROW('Списки блоков'!$V$2:$V986)<>ROW('Списки блоков'!$V$3)),0),0)),"","ДК,")} -> Декораторы,УРС, | F7: 89872218408 | G7: https://vk.com/sch__in | H7: t.me/sch_in_in | I7: elenaand07062004@gmail.com | J7: Бюджет
A8: Андреков Егор Вадимович | B8: =LEFT(A8,FIND(CHAR(160),SUBSTITUTE(A8," ",CHAR(160),2)) - 1) -> Андреков Егор | C8: 212 | D8: Щелковская | E8: {=IF(ISERROR(MATCH(1,INDEX(('Списки блоков'!$B$2:$B986=B8)*(ROW('Списки блоков'!$B$2:$B986)<>ROW('Списки блоков'!$B$3)),0),0)),"","БДНС,") &IF(ISERROR(MATCH(1,INDEX(('Списки блоков'!$C$2:$C986=B8)*(ROW('Списки блоков'!$C$2:$C986)<>ROW('Списки блоков'!$C$3)),0),0)),"","Видеолаба,") &IF(ISERROR(MATCH(1,INDEX(('Списки блоков'!$D$2:$D986=B8)*(ROW('Списки блоков'!$D$2:$D986)<>ROW('Списки блоков'!$D$3)),0),0)),"","Декораторы,") &IF(ISERROR(MATCH(1,INDEX(('Списки блоков'!$E$2:$E986=B8)*(ROW('Списки блоков'!$E$2:$E986)<>ROW('Списки блоков'!$E$3)),0),0)),"","Дизайн,") &IF(ISERROR(MATCH(1,INDEX(('Списки блоков'!$F$2:$F986=B8)*(ROW('Списки блоков'!$F$2:$F986)<>ROW('Списки блоков'!$F$3)),0),0)),"","Досуг,") &IF(ISERROR(MATCH(1,INDEX(('Списки блоков'!$G$2:$G986=B8)*(ROW('Списки блоков'!$G$2:$G986)<>ROW('Списки блоков'!$G$3)),0),0)),"","Закупки,") &IF(ISERROR(MATCH(1,INDEX(('Списки блоков'!$H$2:$H986=B8)*(ROW('Списки блоков'!$H$2:$H986)<>ROW('Списки блоков'!$H$3)),0),0)),"","ИнфоБлок,") &IF(ISERROR(MATCH(1,INDEX(('Списки блоков'!$I$2:$I986=B8)*(ROW('Списки блоков'!$I$2:$I986)<>ROW('Списки блоков'!$I$3)),0),0)),"","КГ,") &IF(ISERROR(MATCH(1,INDEX(('Списки блоков'!$J$2:$J986=B8)*(ROW('Списки блоков'!$J$2:$J986)<>ROW('Списки блоков'!$J$3)),0),0)),"","МП,") &IF(ISERROR(MATCH(1,INDEX(('Списки блоков'!$K$2:$K986=B8)*(ROW('Списки блоков'!$K$2:$K986)<>ROW('Списки блоков'!$K$3)),0),0)),"","Профорги,") &IF(ISERROR(MATCH(1,INDEX(('Списки блоков'!$L$2:$L986=B8)*(ROW('Списки блоков'!$L$2:$L986)<>ROW('Списки блоков'!$L$3)),0),0)),"","Спонсоры,") &IF(ISERROR(MATCH(1,INDEX(('Списки блоков'!$M$2:$M986=B8)*(ROW('Списки блоков'!$M$2:$M986)<>ROW('Списки блоков'!$M$3)),0),0)),"","Склад,") &IF(ISERROR(MATCH(1,INDEX(('Списки блоков'!$N$2:$N986=B8)*(ROW('Списки блоков'!$N$2:$N986)<>ROW('Списки блоков'!$N$3)),0),0)),"","Сценаристы,") &IF(ISERROR(MATCH(1,INDEX(('Списки блоков'!$O$2:$O986=B8)*(ROW('Списки блоков'!$O$2:$O986)<>ROW('Списки блоков'!$O$3)),0),0)),"","Техники,") &IF(ISERROR(MATCH(1,INDEX(('Списки блоков'!$P$2:$P986=B8)*(ROW('Списки блоков'!$P$2:$P986)<>ROW('Списки блоков'!$P$3)),0),0)),"","УРС,") &IF(ISERROR(MATCH(1,INDEX(('Списки блоков'!$Q$2:$Q986=B8)*(ROW('Списки блоков'!$Q$2:$Q986)<>ROW('Списки блоков'!$Q$3)),0),0)),"","Фото,") &IF(ISERROR(MATCH(1,INDEX((#REF!=B8)*(ROW(#REF!)<>ROW(#REF!)),0),0)),"","ЭкоБлок,") &IF(ISERROR(MATCH(1,INDEX(('Списки блоков'!$R$2:$R986=B8)*(ROW('Списки блоков'!$R$2:$R986)<>ROW('Списки блоков'!$R$3)),0),0)),"","HR,") &IF(ISERROR(MATCH(1,INDEX(('Списки блоков'!$S$2:$S986=B8)*(ROW('Списки блоков'!$S$2:$S986)<>ROW('Списки блоков'!$S$3)),0),0)),"","Instagram,") &IF(ISERROR(MATCH(1,INDEX(('Списки блоков'!$T$2:$T986=B8)*(ROW('Списки блоков'!$T$2:$T986)<>ROW('Списки блоков'!$T$3)),0),0)),"","Zachёt,") &IF(ISERROR(MATCH(1,INDEX(('Списки блоков'!$U$2:$U986=B8)*(ROW('Списки блоков'!$U$2:$U986)<>ROW('Списки блоков'!$U$3)),0),0)),"","IT,") &IF(ISERROR(MATCH(1,INDEX(('Списки блоков'!$V$2:$V986=B8)*(ROW('Списки блоков'!$V$2:$V986)<>ROW('Списки блоков'!$V$3)),0),0)),"","ДК,")} -> Дизайн,Спонсоры,Сценаристы,Instagram, | F8: 89037684536 | G8: https://vk.com/id392290846 | H8: @e_andrekov | I8: e_andrekov@mail.ru | J8: Контракт
A9: Аристова Алла Алексеевна | B9: =LEFT(A9,FIND(CHAR(160),SUBSTITUTE(A9," ",CHAR(160),2)) - 1) -> Аристова Алла | C9: 102 | D9: ДСЛ | E9: {=IF(ISERROR(MATCH(1,INDEX(('Списки блоков'!$B$2:$B986=B9)*(ROW('Списки блоков'!$B$2:$B986)<>ROW('Списки блоков'!$B$3)),0),0)),"","БДНС,") &IF(ISERROR(MATCH(1,INDEX(('Списки блоков'!$C$2:$C986=B9)*(ROW('Списки блоков'!$C$2:$C986)<>ROW('Списки блоков'!$C$3)),0),0)),"","Видеолаба,") &IF(ISERROR(MATCH(1,INDEX(('Списки блоков'!$D$2:$D986=B9)*(ROW('Списки блоков'!$D$2:$D986)<>ROW('Списки блоков'!$D$3)),0),0)),"","Декораторы,") &IF(ISERROR(MATCH(1,INDEX(('Списки блоков'!$E$2:$E986=B9)*(ROW('Списки блоков'!$E$2:$E986)<>ROW('Списки блоков'!$E$3)),0),0)),"","Дизайн,") &IF(ISERROR(MATCH(1,INDEX(('Списки блоков'!$F$2:$F986=B9)*(ROW('Списки блоков'!$F$2:$F986)<>ROW('Списки блоков'!$F$3)),0),0)),"","Досуг,") &IF(ISERROR(MATCH(1,INDEX(('Списки блоков'!$G$2:$G986=B9)*(ROW('Списки блоков'!$G$2:$G986)<>ROW('Списки блоков'!$G$3)),0),0)),"","Закупки,") &IF(ISERROR(MATCH(1,INDEX(('Списки блоков'!$H$2:$H986=B9)*(ROW('Списки блоков'!$H$2:$H986)<>ROW('Списки блоков'!$H$3)),0),0)),"","ИнфоБлок,") &IF(ISERROR(MATCH(1,INDEX(('Списки блоков'!$I$2:$I986=B9)*(ROW('Списки блоков'!$I$2:$I986)<>ROW('Списки блоков'!$I$3)),0),0)),"","КГ,") &IF(ISERROR(MATCH(1,INDEX(('Списки блоков'!$J$2:$J986=B9)*(ROW('Списки блоков'!$J$2:$J986)<>ROW('Списки блоков'!$J$3)),0),0)),"","МП,") &IF(ISERROR(MATCH(1,INDEX(('Списки блоков'!$K$2:$K986=B9)*(ROW('Списки блоков'!$K$2:$K986)<>ROW('Списки блоков'!$K$3)),0),0)),"","Профорги,") &IF(ISERROR(MATCH(1,INDEX(('Списки блоков'!$L$2:$L986=B9)*(ROW('Списки блоков'!$L$2:$L986)<>ROW('Списки блоков'!$L$3)),0),0)),"","Спонсоры,") &IF(ISERROR(MATCH(1,INDEX(('Списки блоков'!$M$2:$M986=B9)*(ROW('Списки блоков'!$M$2:$M986)<>ROW('Списки блоков'!$M$3)),0),0)),"","Склад,") &IF(ISERROR(MATCH(1,INDEX(('Списки блоков'!$N$2:$N986=B9)*(ROW('Списки блоков'!$N$2:$N986)<>ROW('Списки блоков'!$N$3)),0),0)),"","Сценаристы,") &IF(ISERROR(MATCH(1,INDEX(('Списки блоков'!$O$2:$O986=B9)*(ROW('Списки блоков'!$O$2:$O986)<>ROW('Списки блоков'!$O$3)),0),0)),"","Техники,") &IF(ISERROR(MATCH(1,INDEX(('Списки блоков'!$P$2:$P986=B9)*(ROW('Списки блоков'!$P$2:$P986)<>ROW('Списки блоков'!$P$3)),0),0)),"","УРС,") &IF(ISERROR(MATCH(1,INDEX(('Списки блоков'!$Q$2:$Q986=B9)*(ROW('Списки блоков'!$Q$2:$Q986)<>ROW('Списки блоков'!$Q$3)),0),0)),"","Фото,") &IF(ISERROR(MATCH(1,INDEX((#REF!=B9)*(ROW(#REF!)<>ROW(#REF!)),0),0)),"","ЭкоБлок,") &IF(ISERROR(MATCH(1,INDEX(('Списки блоков'!$R$2:$R986=B9)*(ROW('Списки блоков'!$R$2:$R986)<>ROW('Списки блоков'!$R$3)),0),0)),"","HR,") &IF(ISERROR(MATCH(1,INDEX(('Списки блоков'!$S$2:$S986=B9)*(ROW('Списки блоков'!$S$2:$S986)<>ROW('Списки блоков'!$S$3)),0),0)),"","Instagram,") &IF(ISERROR(MATCH(1,INDEX(('Списки блоков'!$T$2:$T986=B9)*(ROW('Списки блоков'!$T$2:$T986)<>ROW('Списки блоков'!$T$3)),0),0)),"","Zachёt,") &IF(ISERROR(MATCH(1,INDEX(('Списки блоков'!$U$2:$U986=B9)*(ROW('Списки блоков'!$U$2:$U986)<>ROW('Списки блоков'!$U$3)),0),0)),"","IT,") &IF(ISERROR(MATCH(1,INDEX(('Списки блоков'!$V$2:$V986=B9)*(ROW('Списки блоков'!$V$2:$V986)<>ROW('Списки блоков'!$V$3)),0),0)),"","ДК,")} -> Декораторы,Профорги,IT, | F9: 89879444800 | G9: https://vk.com/allaristova | H9: https://t.me/allaristova | I9: alla.aristovaa@gmail.com | J9: Бюджет
A10: Балакин Денис Николаевич | B10: =LEFT(A10,FIND(CHAR(160),SUBSTITUTE(A10," ",CHAR(160),2)) - 1) -> Балакин Денис | C10: 210 | D10: Лермонтовский проспект | E10: {=IF(ISERROR(MATCH(1,INDEX(('Списки блоков'!$B$2:$B986=B10)*(ROW('Списки блоков'!$B$2:$B986)<>ROW('Списки блоков'!$B$3)),0),0)),"","БДНС,") &IF(ISERROR(MATCH(1,INDEX(('Списки блоков'!$C$2:$C986=B10)*(ROW('Списки блоков'!$C$2:$C986)<>ROW('Списки блоков'!$C$3)),0),0)),"","Видеолаба,") &IF(ISERROR(MATCH(1,INDEX(('Списки блоков'!$D$2:$D986=B10)*(ROW('Списки блоков'!$D$2:$D986)<>ROW('Списки блоков'!$D$3)),0),0)),"","Декораторы,") &IF(ISERROR(MATCH(1,INDEX(('Списки блоков'!$E$2:$E986=B10)*(ROW('Списки блоков'!$E$2:$E986)<>ROW('Списки блоков'!$E$3)),0),0)),"","Дизайн,") &IF(ISERROR(MATCH(1,INDEX(('Списки блоков'!$F$2:$F986=B10)*(ROW('Списки блоков'!$F$2:$F986)<>ROW('Списки блоков'!$F$3)),0),0)),"","Досуг,") &IF(ISERROR(MATCH(1,INDEX(('Списки блоков'!$G$2:$G986=B10)*(ROW('Списки блоков'!$G$2:$G986)<>ROW('Списки блоков'!$G$3)),0),0)),"","Закупки,") &IF(ISERROR(MATCH(1,INDEX(('Списки блоков'!$H$2:$H986=B10)*(ROW('Списки блоков'!$H$2:$H986)<>ROW('Списки блоков'!$H$3)),0),0)),"","ИнфоБлок,") &IF(ISERROR(MATCH(1,INDEX(('Списки блоков'!$I$2:$I986=B10)*(ROW('Списки блоков'!$I$2:$I986)<>ROW('Списки блоков'!$I$3)),0),0)),"","КГ,") &IF(ISERROR(MATCH(1,INDEX(('Списки блоков'!$J$2:$J986=B10)*(ROW('Списки блоков'!$J$2:$J986)<>ROW('Списки блоков'!$J$3)),0),0)),"","МП,") &IF(ISERROR(MATCH(1,INDEX(('Списки блоков'!$K$2:$K986=B10)*(ROW('Списки блоков'!$K$2:$K986)<>ROW('Списки блоков'!$K$3)),0),0)),"","Профорги,") &IF(ISERROR(MATCH(1,INDEX(('Списки блоков'!$L$2:$L986=B10)*(ROW('Списки блоков'!$L$2:$L986)<>ROW('Списки блоков'!$L$3)),0),0)),"","Спонсоры,") &IF(ISERROR(MATCH(1,INDEX(('Списки блоков'!$M$2:$M986=B10)*(ROW('Списки блоков'!$M$2:$M986)<>ROW('Списки блоков'!$M$3)),0),0)),"","Склад,") &IF(ISERROR(MATCH(1,INDEX(('Списки блоков'!$N$2:$N986=B10)*(ROW('Списки блоков'!$N$2:$N986)<>ROW('Списки блоков'!$N$3)),0),0)),"","Сценаристы,") &IF(ISERROR(MATCH(1,INDEX(('Списки блоков'!$O$2:$O986=B10)*(ROW('Списки блоков'!$O$2:$O986)<>ROW('Списки блоков'!$O$3)),0),0)),"","Техники,") &IF(ISERROR(MATCH(1,INDEX(('Списки блоков'!$P$2:$P986=B10)*(ROW('Списки блоков'!$P$2:$P986)<>ROW('Списки блоков'!$P$3)),0),0)),"","УРС,") &IF(ISERROR(MATCH(1,INDEX(('Списки блоков'!$Q$2:$Q986=B10)*(ROW('Списки блоков'!$Q$2:$Q986)<>ROW('Списки блоков'!$Q$3)),0),0)),"","Фото,") &IF(ISERROR(MATCH(1,INDEX((#REF!=B10)*(ROW(#REF!)<>ROW(#REF!)),0),0)),"","ЭкоБлок,") &IF(ISERROR(MATCH(1,INDEX(('Списки блоков'!$R$2:$R986=B10)*(ROW('Списки блоков'!$R$2:$R986)<>ROW('Списки блоков'!$R$3)),0),0)),"","HR,") &IF(ISERROR(MATCH(1,INDEX(('Списки блоков'!$S$2:$S986=B10)*(ROW('Списки блоков'!$S$2:$S986)<>ROW('Списки блоков'!$S$3)),0),0)),"","Instagram,") &IF(ISERROR(MATCH(1,INDEX(('Списки блоков'!$T$2:$T986=B10)*(ROW('Списки блоков'!$T$2:$T986)<>ROW('Списки блоков'!$T$3)),0),0)),"","Zachёt,") &IF(ISERROR(MATCH(1,INDEX(('Списки блоков'!$U$2:$U986=B10)*(ROW('Списки блоков'!$U$2:$U986)<>ROW('Списки блоков'!$U$3)),0),0)),"","IT,") &IF(ISERROR(MATCH(1,INDEX(('Списки блоков'!$V$2:$V986=B10)*(ROW('Списки блоков'!$V$2:$V986)<>ROW('Списки блоков'!$V$3)),0),0)),"","ДК,")} -> Видеолаба,Профорги,Instagram,IT, | F10: 89685119529 | G10: https://vk.com/govna_pocket | H10: @gavkoshmig | I10: Balakindenis3@gmail.com | J10: Бюджет
A11: Барсуков Егор Сергеевич | B11: =LEFT(A11,FIND(CHAR(160),SUBSTITUTE(A11," ",CHAR(160),2)) - 1) -> Барсуков Егор | C11: 141 | D11: ДСЛ | E11: {=IF(ISERROR(MATCH(1,INDEX(('Списки блоков'!$B$2:$B986=B11)*(ROW('Списки блоков'!$B$2:$B986)<>ROW('Списки блоков'!$B$3)),0),0)),"","БДНС,") &IF(ISERROR(MATCH(1,INDEX(('Списки блоков'!$C$2:$C986=B11)*(ROW('Списки блоков'!$C$2:$C986)<>ROW('Списки блоков'!$C$3)),0),0)),"","Видеолаба,") &IF(ISERROR(MATCH(1,INDEX(('Списки блоков'!$D$2:$D986=B11)*(ROW('Списки блоков'!$D$2:$D986)<>ROW('Списки блоков'!$D$3)),0),0)),"","Декораторы,") &IF(ISERROR(MATCH(1,INDEX(('Списки блоков'!$E$2:$E986=B11)*(ROW('Списки блоков'!$E$2:$E986)<>ROW('Списки блоков'!$E$3)),0),0)),"","Дизайн,") &IF(ISERROR(MATCH(1,INDEX(('Списки блоков'!$F$2:$F986=B11)*(ROW('Списки блоков'!$F$2:$F986)<>ROW('Списки блоков'!$F$3)),0),0)),"","Досуг,") &IF(ISERROR(MATCH(1,INDEX(('Списки блоков'!$G$2:$G986=B11)*(ROW('Списки блоков'!$G$2:$G986)<>ROW('Списки блоков'!$G$3)),0),0)),"","Закупки,") &IF(ISERROR(MATCH(1,INDEX(('Списки блоков'!$H$2:$H986=B11)*(ROW('Списки блоков'!$H$2:$H986)<>ROW('Списки блоков'!$H$3)),0),0)),"","ИнфоБлок,") &IF(ISERROR(MATCH(1,INDEX(('Списки блоков'!$I$2:$I986=B11)*(ROW('Списки блоков'!$I$2:$I986)<>ROW('Списки блоков'!$I$3)),0),0)),"","КГ,") &IF(ISERROR(MATCH(1,INDEX(('Списки блоков'!$J$2:$J986=B11)*(ROW('Списки блоков'!$J$2:$J986)<>ROW('Списки блоков'!$J$3)),0),0)),"","МП,") &IF(ISERROR(MATCH(1,INDEX(('Списки блоков'!$K$2:$K986=B11)*(ROW('Списки блоков'!$K$2:$K986)<>ROW('Списки блоков'!$K$3)),0),0)),"","Профорги,") &IF(ISERROR(MATCH(1,INDEX(('Списки блоков'!$L$2:$L986=B11)*(ROW('Списки блоков'!$L$2:$L986)<>ROW('Списки блоков'!$L$3)),0),0)),"","Спонсоры,") &IF(ISERROR(MATCH(1,INDEX(('Списки блоков'!$M$2:$M986=B11)*(ROW('Списки блоков'!$M$2:$M986)<>ROW('Списки блоков'!$M$3)),0),0)),"","Склад,") &IF(ISERROR(MATCH(1,INDEX(('Списки блоков'!$N$2:$N986=B11)*(ROW('Списки блоков'!$N$2:$N986)<>ROW('Списки блоков'!$N$3)),0),0)),"","Сценаристы,") &IF(ISERROR(MATCH(1,INDEX(('Списки блоков'!$O$2:$O986=B11)*(ROW('Списки блоков'!$O$2:$O986)<>ROW('Списки блоков'!$O$3)),0),0)),"","Техники,") &IF(ISERROR(MATCH(1,INDEX(('Списки блоков'!$P$2:$P986=B11)*(ROW('Списки блоков'!$P$2:$P986)<>ROW('Списки блоков'!$P$3)),0),0)),"","УРС,") &IF(ISERROR(MATCH(1,INDEX(('Списки блоков'!$Q$2:$Q986=B11)*(ROW('Списки блоков'!$Q$2:$Q986)<>ROW('Списки блоков'!$Q$3)),0),0)),"","Фото,") &IF(ISERROR(MATCH(1,INDEX((#REF!=B11)*(ROW(#REF!)<>ROW(#REF!)),0),0)),"","ЭкоБлок,") &IF(ISERROR(MATCH(1,INDEX(('Списки блоков'!$R$2:$R986=B11)*(ROW('Списки блоков'!$R$2:$R986)<>ROW('Списки блоков'!$R$3)),0),0)),"","HR,") &IF(ISERROR(MATCH(1,INDEX(('Списки блоков'!$S$2:$S986=B11)*(ROW('Списки блоков'!$S$2:$S986)<>ROW('Списки блоков'!$S$3)),0),0)),"","Instagram,") &IF(ISERROR(MATCH(1,INDEX(('Списки блоков'!$T$2:$T986=B11)*(ROW('Списки блоков'!$T$2:$T986)<>ROW('Списки блоков'!$T$3)),0),0)),"","Zachёt,") &IF(ISERROR(MATCH(1,INDEX(('Списки блоков'!$U$2:$U986=B11)*(ROW('Списки блоков'!$U$2:$U986)<>ROW('Списки блоков'!$U$3)),0),0)),"","IT,") &IF(ISERROR(MATCH(1,INDEX(('Списки блоков'!$V$2:$V986=B11)*(ROW('Списки блоков'!$V$2:$V986)<>ROW('Списки блоков'!$V$3)),0),0)),"","ДК,")} -> Видеолаба,Декораторы,Дизайн,Техники, | F11: +79528631032 | G11: https://vk.ru/id557684195 | H11: https://t.me/Finin1 | I11: not.a.fi141@gmail.com | J11: Бюджет
A12: Бедрин Павел Александрович | B12: =LEFT(A12,FIND(CHAR(160),SUBSTITUTE(A12," ",CHAR(160),2)) - 1) -> Бедрин Павел | C12: 628 | D12: Бибирево | E12: {=IF(ISERROR(MATCH(1,INDEX(('Списки блоков'!$B$2:$B986=B12)*(ROW('Списки блоков'!$B$2:$B986)<>ROW('Списки блоков'!$B$3)),0),0)),"","БДНС,") &IF(ISERROR(MATCH(1,INDEX(('Списки блоков'!$C$2:$C986=B12)*(ROW('Списки блоков'!$C$2:$C986)<>ROW('Списки блоков'!$C$3)),0),0)),"","Видеолаба,") &IF(ISERROR(MATCH(1,INDEX(('Списки блоков'!$D$2:$D986=B12)*(ROW('Списки блоков'!$D$2:$D986)<>ROW('Списки блоков'!$D$3)),0),0)),"","Декораторы,") &IF(ISERROR(MATCH(1,INDEX(('Списки блоков'!$E$2:$E986=B12)*(ROW('Списки блоков'!$E$2:$E986)<>ROW('Списки блоков'!$E$3)),0),0)),"","Дизайн,") &IF(ISERROR(MATCH(1,INDEX(('Списки блоков'!$F$2:$F986=B12)*(ROW('Списки блоков'!$F$2:$F986)<>ROW('Списки блоков'!$F$3)),0),0)),"","Досуг,") &IF(ISERROR(MATCH(1,INDEX(('Списки блоков'!$G$2:$G986=B12)*(ROW('Списки блоков'!$G$2:$G986)<>ROW('Списки блоков'!$G$3)),0),0)),"","Закупки,") &IF(ISERROR(MATCH(1,INDEX(('Списки блоков'!$H$2:$H986=B12)*(ROW('Списки блоков'!$H$2:$H986)<>ROW('Списки блоков'!$H$3)),0),0)),"","ИнфоБлок,") &IF(ISERROR(MATCH(1,INDEX(('Списки блоков'!$I$2:$I986=B12)*(ROW('Списки блоков'!$I$2:$I986)<>ROW('Списки блоков'!$I$3)),0),0)),"","КГ,") &IF(ISERROR(MATCH(1,INDEX(('Списки блоков'!$J$2:$J986=B12)*(ROW('Списки блоков'!$J$2:$J986)<>ROW('Списки блоков'!$J$3)),0),0)),"","МП,") &IF(ISERROR(MATCH(1,INDEX(('Списки блоков'!$K$2:$K986=B12)*(ROW('Списки блоков'!$K$2:$K986)<>ROW('Списки блоков'!$K$3)),0),0)),"","Профорги,") &IF(ISERROR(MATCH(1,INDEX(('Списки блоков'!$L$2:$L986=B12)*(ROW('Списки блоков'!$L$2:$L986)<>ROW('Списки блоков'!$L$3)),0),0)),"","Спонсоры,") &IF(ISERROR(MATCH(1,INDEX(('Списки блоков'!$M$2:$M986=B12)*(ROW('Списки блоков'!$M$2:$M986)<>ROW('Списки блоков'!$M$3)),0),0)),"","Склад,") &IF(ISERROR(MATCH(1,INDEX(('Списки блоков'!$N$2:$N986=B12)*(ROW('Списки блоков'!$N$2:$N986)<>ROW('Списки блоков'!$N$3)),0),0)),"","Сценаристы,") &IF(ISERROR(MATCH(1,INDEX(('Списки блоков'!$O$2:$O986=B12)*(ROW('Списки блоков'!$O$2:$O986)<>ROW('Списки блоков'!$O$3)),0),0)),"","Техники,") &IF(ISERROR(MATCH(1,INDEX(('Списки блоков'!$P$2:$P986=B12)*(ROW('Списки блоков'!$P$2:$P986)<>ROW('Списки блоков'!$P$3)),0),0)),"","УРС,") &IF(ISERROR(MATCH(1,INDEX(('Списки блоков'!$Q$2:$Q986=B12)*(ROW('Списки блоков'!$Q$2:$Q986)<>ROW('Списки блоков'!$Q$3)),0),0)),"","Фото,") &IF(ISERROR(MATCH(1,INDEX((#REF!=B12)*(ROW(#REF!)<>ROW(#REF!)),0),0)),"","ЭкоБлок,") &IF(ISERROR(MATCH(1,INDEX(('Списки блоков'!$R$2:$R986=B12)*(ROW('Списки блоков'!$R$2:$R986)<>ROW('Списки блоков'!$R$3)),0),0)),"","HR,") &IF(ISERROR(MATCH(1,INDEX(('Списки блоков'!$S$2:$S986=B12)*(ROW('Списки блоков'!$S$2:$S986)<>ROW('Списки блоков'!$S$3)),0),0)),"","Instagram,") &IF(ISERROR(MATCH(1,INDEX(('Списки блоков'!$T$2:$T986=B12)*(ROW('Списки блоков'!$T$2:$T986)<>ROW('Списки блоков'!$T$3)),0),0)),"","Zachёt,") &IF(ISERROR(MATCH(1,INDEX(('Списки блоков'!$U$2:$U986=B12)*(ROW('Списки блоков'!$U$2:$U986)<>ROW('Списки блоков'!$U$3)),0),0)),"","IT,") &IF(ISERROR(MATCH(1,INDEX(('Списки блоков'!$V$2:$V986=B12)*(ROW('Списки блоков'!$V$2:$V986)<>ROW('Списки блоков'!$V$3)),0),0)),"","ДК,")} -> Видеолаба,Дизайн, | F12: 89212999793 | G12: https://vk.com/pbedrin | H12: https://t.me/pbedrin | I12: s02240355@gse.cs.msu.ru | J12: Бюджет
A13: Беппиев Георгий Игоревич | B13: =LEFT(A13,FIND(CHAR(160),SUBSTITUTE(A13," ",CHAR(160),2)) - 1) -> Беппиев Георгий | C13: 312 | D13: Полежаевская/Хорошевская | E13: {=IF(ISERROR(MATCH(1,INDEX(('Списки блоков'!$B$2:$B986=B13)*(ROW('Списки блоков'!$B$2:$B986)<>ROW('Списки блоков'!$B$3)),0),0)),"","БДНС,") &IF(ISERROR(MATCH(1,INDEX(('Списки блоков'!$C$2:$C986=B13)*(ROW('Списки блоков'!$C$2:$C986)<>ROW('Списки блоков'!$C$3)),0),0)),"","Видеолаба,") &IF(ISERROR(MATCH(1,INDEX(('Списки блоков'!$D$2:$D986=B13)*(ROW('Списки блоков'!$D$2:$D986)<>ROW('Списки блоков'!$D$3)),0),0)),"","Декораторы,") &IF(ISERROR(MATCH(1,INDEX(('Списки блоков'!$E$2:$E986=B13)*(ROW('Списки блоков'!$E$2:$E986)<>ROW('Списки блоков'!$E$3)),0),0)),"","Дизайн,") &IF(ISERROR(MATCH(1,INDEX(('Списки блоков'!$F$2:$F986=B13)*(ROW('Списки блоков'!$F$2:$F986)<>ROW('Списки блоков'!$F$3)),0),0)),"","Досуг,") &IF(ISERROR(MATCH(1,INDEX(('Списки блоков'!$G$2:$G986=B13)*(ROW('Списки блоков'!$G$2:$G986)<>ROW('Списки блоков'!$G$3)),0),0)),"","Закупки,") &IF(ISERROR(MATCH(1,INDEX(('Списки блоков'!$H$2:$H986=B13)*(ROW('Списки блоков'!$H$2:$H986)<>ROW('Списки блоков'!$H$3)),0),0)),"","ИнфоБлок,") &IF(ISERROR(MATCH(1,INDEX(('Списки блоков'!$I$2:$I986=B13)*(ROW('Списки блоков'!$I$2:$I986)<>ROW('Списки блоков'!$I$3)),0),0)),"","КГ,") &IF(ISERROR(MATCH(1,INDEX(('Списки блоков'!$J$2:$J986=B13)*(ROW('Списки блоков'!$J$2:$J986)<>ROW('Списки блоков'!$J$3)),0),0)),"","МП,") &IF(ISERROR(MATCH(1,INDEX(('Списки блоков'!$K$2:$K986=B13)*(ROW('Списки блоков'!$K$2:$K986)<>ROW('Списки блоков'!$K$3)),0),0)),"","Профорги,") &IF(ISERROR(MATCH(1,INDEX(('Списки блоков'!$L$2:$L986=B13)*(ROW('Списки блоков'!$L$2:$L986)<>ROW('Списки блоков'!$L$3)),0),0)),"","Спонсоры,") &IF(ISERROR(MATCH(1,INDEX(('Списки блоков'!$M$2:$M986=B13)*(ROW('Списки блоков'!$M$2:$M986)<>ROW('Списки блоков'!$M$3)),0),0)),"","Склад,") &IF(ISERROR(MATCH(1,INDEX(('Списки блоков'!$N$2:$N986=B13)*(ROW('Списки блоков'!$N$2:$N986)<>ROW('Списки блоков'!$N$3)),0),0)),"","Сценаристы,") &IF(ISERROR(MATCH(1,INDEX(('Списки блоков'!$O$2:$O986=B13)*(ROW('Списки блоков'!$O$2:$O986)<>ROW('Списки блоков'!$O$3)),0),0)),"","Техники,") &IF(ISERROR(MATCH(1,INDEX(('Списки блоков'!$P$2:$P986=B13)*(ROW('Списки блоков'!$P$2:$P986)<>ROW('Списки блоков'!$P$3)),0),0)),"","УРС,") &IF(ISERROR(MATCH(1,INDEX(('Списки блоков'!$Q$2:$Q986=B13)*(ROW('Списки блоков'!$Q$2:$Q986)<>ROW('Списки блоков'!$Q$3)),0),0)),"","Фото,") &IF(ISERROR(MATCH(1,INDEX((#REF!=B13)*(ROW(#REF!)<>ROW(#REF!)),0),0)),"","ЭкоБлок,") &IF(ISERROR(MATCH(1,INDEX(('Списки блоков'!$R$2:$R986=B13)*(ROW('Списки блоков'!$R$2:$R986)<>ROW('Списки блоков'!$R$3)),0),0)),"","HR,") &IF(ISERROR(MATCH(1,INDEX(('Списки блоков'!$S$2:$S986=B13)*(ROW('Списки блоков'!$S$2:$S986)<>ROW('Списки блоков'!$S$3)),0),0)),"","Instagram,") &IF(ISERROR(MATCH(1,INDEX(('Списки блоков'!$T$2:$T986=B13)*(ROW('Списки блоков'!$T$2:$T986)<>ROW('Списки блоков'!$T$3)),0),0)),"","Zachёt,") &IF(ISERROR(MATCH(1,INDEX(('Списки блоков'!$U$2:$U986=B13)*(ROW('Списки блоков'!$U$2:$U986)<>ROW('Списки блоков'!$U$3)),0),0)),"","IT,") &IF(ISERROR(MATCH(1,INDEX(('Списки блоков'!$V$2:$V986=B13)*(ROW('Списки блоков'!$V$2:$V986)<>ROW('Списки блоков'!$V$3)),0),0)),"","ДК,")} | F13: 89260618663 | G13: https://vk.com/pmcvmk | H13: https://t.me/whatatimetobe_alive | I13: georgy.beppiev@gmail.com | J13: Бюджет
A14: Бодун Алена Александровна | B14: Бодун Алена | C14: 241 | D14: М Перово | E14: {=IF(ISERROR(MATCH(1,INDEX(('Списки блоков'!$B$2:$B986=B14)*(ROW('Списки блоков'!$B$2:$B986)<>ROW('Списки блоков'!$B$3)),0),0)),"","БДНС,") &IF(ISERROR(MATCH(1,INDEX(('Списки блоков'!$C$2:$C986=B14)*(ROW('Списки блоков'!$C$2:$C986)<>ROW('Списки блоков'!$C$3)),0),0)),"","Видеолаба,") &IF(ISERROR(MATCH(1,INDEX(('Списки блоков'!$D$2:$D986=B14)*(ROW('Списки блоков'!$D$2:$D986)<>ROW('Списки блоков'!$D$3)),0),0)),"","Декораторы,") &IF(ISERROR(MATCH(1,INDEX(('Списки блоков'!$E$2:$E986=B14)*(ROW('Списки блоков'!$E$2:$E986)<>ROW('Списки блоков'!$E$3)),0),0)),"","Дизайн,") &IF(ISERROR(MATCH(1,INDEX(('Списки блоков'!$F$2:$F986=B14)*(ROW('Списки блоков'!$F$2:$F986)<>ROW('Списки блоков'!$F$3)),0),0)),"","Досуг,") &IF(ISERROR(MATCH(1,INDEX(('Списки блоков'!$G$2:$G986=B14)*(ROW('Списки блоков'!$G$2:$G986)<>ROW('Списки блоков'!$G$3)),0),0)),"","Закупки,") &IF(ISERROR(MATCH(1,INDEX(('Списки блоков'!$H$2:$H986=B14)*(ROW('Списки блоков'!$H$2:$H986)<>ROW('Списки блоков'!$H$3)),0),0)),"","ИнфоБлок,") &IF(ISERROR(MATCH(1,INDEX(('Списки блоков'!$I$2:$I986=B14)*(ROW('Списки блоков'!$I$2:$I986)<>ROW('Списки блоков'!$I$3)),0),0)),"","КГ,") &IF(ISERROR(MATCH(1,INDEX(('Списки блоков'!$J$2:$J986=B14)*(ROW('Списки блоков'!$J$2:$J986)<>ROW('Списки блоков'!$J$3)),0),0)),"","МП,") &IF(ISERROR(MATCH(1,INDEX(('Списки блоков'!$K$2:$K986=B14)*(ROW('Списки блоков'!$K$2:$K986)<>ROW('Списки блоков'!$K$3)),0),0)),"","Профорги,") &IF(ISERROR(MATCH(1,INDEX(('Списки блоков'!$L$2:$L986=B14)*(ROW('Списки блоков'!$L$2:$L986)<>ROW('Списки блоков'!$L$3)),0),0)),"","Спонсоры,") &IF(ISERROR(MATCH(1,INDEX(('Списки блоков'!$M$2:$M986=B14)*(ROW('Списки блоков'!$M$2:$M986)<>ROW('Списки блоков'!$M$3)),0),0)),"","Склад,") &IF(ISERROR(MATCH(1,INDEX(('Списки блоков'!$N$2:$N986=B14)*(ROW('Списки блоков'!$N$2:$N986)<>ROW('Списки блоков'!$N$3)),0),0)),"","Сценаристы,") &IF(ISERROR(MATCH(1,INDEX(('Списки блоков'!$O$2:$O986=B14)*(ROW('Списки блоков'!$O$2:$O986)<>ROW('Списки блоков'!$O$3)),0),0)),"","Техники,") &IF(ISERROR(MATCH(1,INDEX(('Списки блоков'!$P$2:$P986=B14)*(ROW('Списки блоков'!$P$2:$P986)<>ROW('Списки блоков'!$P$3)),0),0)),"","УРС,") &IF(ISERROR(MATCH(1,INDEX(('Списки блоков'!$Q$2:$Q986=B14)*(ROW('Списки блоков'!$Q$2:$Q986)<>ROW('Списки блоков'!$Q$3)),0),0)),"","Фото,") &IF(ISERROR(MATCH(1,INDEX((#REF!=B14)*(ROW(#REF!)<>ROW(#REF!)),0),0)),"","ЭкоБлок,") &IF(ISERROR(MATCH(1,INDEX(('Списки блоков'!$R$2:$R986=B14)*(ROW('Списки блоков'!$R$2:$R986)<>ROW('Списки блоков'!$R$3)),0),0)),"","HR,") &IF(ISERROR(MATCH(1,INDEX(('Списки блоков'!$S$2:$S986=B14)*(ROW('Списки блоков'!$S$2:$S986)<>ROW('Списки блоков'!$S$3)),0),0)),"","Instagram,") &IF(ISERROR(MATCH(1,INDEX(('Списки блоков'!$T$2:$T986=B14)*(ROW('Списки блоков'!$T$2:$T986)<>ROW('Списки блоков'!$T$3)),0),0)),"","Zachёt,") &IF(ISERROR(MATCH(1,INDEX(('Списки блоков'!$U$2:$U986=B14)*(ROW('Списки блоков'!$U$2:$U986)<>ROW('Списки блоков'!$U$3)),0),0)),"","IT,") &IF(ISERROR(MATCH(1,INDEX(('Списки блоков'!$V$2:$V986=B14)*(ROW('Списки блоков'!$V$2:$V986)<>ROW('Списки блоков'!$V$3)),0),0)),"","ДК,")} -> УРС,Фото, | F14: 89057433029 | G14: https://vk.com/fafiuli | H14: @ulifafa | I14: alenab2312@gmail.com | J14: Бюджет
A15: Брылева София Алексеевна | B15: =LEFT(A15,FIND(CHAR(160),SUBSTITUTE(A15," ",CHAR(160),2)) - 1) -> Брылева София | C15: 109 | D15: Калужская | E15: {=IF(ISERROR(MATCH(1,INDEX(('Списки блоков'!$B$2:$B986=B15)*(ROW('Списки блоков'!$B$2:$B986)<>ROW('Списки блоков'!$B$3)),0),0)),"","БДНС,") &IF(ISERROR(MATCH(1,INDEX(('Списки блоков'!$C$2:$C986=B15)*(ROW('Списки блоков'!$C$2:$C986)<>ROW('Списки блоков'!$C$3)),0),0)),"","Видеолаба,") &IF(ISERROR(MATCH(1,INDEX(('Списки блоков'!$D$2:$D986=B15)*(ROW('Списки блоков'!$D$2:$D986)<>ROW('Списки блоков'!$D$3)),0),0)),"","Декораторы,") &IF(ISERROR(MATCH(1,INDEX(('Списки блоков'!$E$2:$E986=B15)*(ROW('Списки блоков'!$E$2:$E986)<>ROW('Списки блоков'!$E$3)),0),0)),"","Дизайн,") &IF(ISERROR(MATCH(1,INDEX(('Списки блоков'!$F$2:$F986=B15)*(ROW('Списки блоков'!$F$2:$F986)<>ROW('Списки блоков'!$F$3)),0),0)),"","Досуг,") &IF(ISERROR(MATCH(1,INDEX(('Списки блоков'!$G$2:$G986=B15)*(ROW('Списки блоков'!$G$2:$G986)<>ROW('Списки блоков'!$G$3)),0),0)),"","Закупки,") &IF(ISERROR(MATCH(1,INDEX(('Списки блоков'!$H$2:$H986=B15)*(ROW('Списки блоков'!$H$2:$H986)<>ROW('Списки блоков'!$H$3)),0),0)),"","ИнфоБлок,") &IF(ISERROR(MATCH(1,INDEX(('Списки блоков'!$I$2:$I986=B15)*(ROW('Списки блоков'!$I$2:$I986)<>ROW('Списки блоков'!$I$3)),0),0)),"","КГ,") &IF(ISERROR(MATCH(1,INDEX(('Списки блоков'!$J$2:$J986=B15)*(ROW('Списки блоков'!$J$2:$J986)<>ROW('Списки блоков'!$J$3)),0),0)),"","МП,") &IF(ISERROR(MATCH(1,INDEX(('Списки блоков'!$K$2:$K986=B15)*(ROW('Списки блоков'!$K$2:$K986)<>ROW('Списки блоков'!$K$3)),0),0)),"","Профорги,") &IF(ISERROR(MATCH(1,INDEX(('Списки блоков'!$L$2:$L986=B15)*(ROW('Списки блоков'!$L$2:$L986)<>ROW('Списки блоков'!$L$3)),0),0)),"","Спонсоры,") &IF(ISERROR(MATCH(1,INDEX(('Списки блоков'!$M$2:$M986=B15)*(ROW('Списки блоков'!$M$2:$M986)<>ROW('Списки блоков'!$M$3)),0),0)),"","Склад,") &IF(ISERROR(MATCH(1,INDEX(('Списки блоков'!$N$2:$N986=B15)*(ROW('Списки блоков'!$N$2:$N986)<>ROW('Списки блоков'!$N$3)),0),0)),"","Сценаристы,") &IF(ISERROR(MATCH(1,INDEX(('Списки блоков'!$O$2:$O986=B15)*(ROW('Списки блоков'!$O$2:$O986)<>ROW('Списки блоков'!$O$3)),0),0)),"","Техники,") &IF(ISERROR(MATCH(1,INDEX(('Списки блоков'!$P$2:$P986=B15)*(ROW('Списки блоков'!$P$2:$P986)<>ROW('Списки блоков'!$P$3)),0),0)),"","УРС,") &IF(ISERROR(MATCH(1,INDEX(('Списки блоков'!$Q$2:$Q986=B15)*(ROW('Списки блоков'!$Q$2:$Q986)<>ROW('Списки блоков'!$Q$3)),0),0)),"","Фото,") &IF(ISERROR(MATCH(1,INDEX((#REF!=B15)*(ROW(#REF!)<>ROW(#REF!)),0),0)),"","ЭкоБлок,") &IF(ISERROR(MATCH(1,INDEX(('Списки блоков'!$R$2:$R986=B15)*(ROW('Списки блоков'!$R$2:$R986)<>ROW('Списки блоков'!$R$3)),0),0)),"","HR,") &IF(ISERROR(MATCH(1,INDEX(('Списки блоков'!$S$2:$S986=B15)*(ROW('Списки блоков'!$S$2:$S986)<>ROW('Списки блоков'!$S$3)),0),0)),"","Instagram,") &IF(ISERROR(MATCH(1,INDEX(('Списки блоков'!$T$2:$T986=B15)*(ROW('Списки блоков'!$T$2:$T986)<>ROW('Списки блоков'!$T$3)),0),0)),"","Zachёt,") &IF(ISERROR(MATCH(1,INDEX(('Списки блоков'!$U$2:$U986=B15)*(ROW('Списки блоков'!$U$2:$U986)<>ROW('Списки блоков'!$U$3)),0),0)),"","IT,") &IF(ISERROR(MATCH(1,INDEX(('Списки блоков'!$V$2:$V986=B15)*(ROW('Списки блоков'!$V$2:$V986)<>ROW('Списки блоков'!$V$3)),0),0)),"","ДК,")} -> Техники, | F15: 89155237482 | G15: https://vk.ru/id349973300 | H15: t.me/bsofaa | I15: brylevasofia7@gmail.com | J15: Бюджет
A16: Булкин Антон Павлович | B16: =LEFT(A16,FIND(CHAR(160),SUBSTITUTE(A16," ",CHAR(160),2)) - 1) -> Булкин Антон | C16: 417 | D16: ДС Б1533п | E16: {=IF(ISERROR(MATCH(1,INDEX(('Списки блоков'!$B$2:$B986=B16)*(ROW('Списки блоков'!$B$2:$B986)<>ROW('Списки блоков'!$B$3)),0),0)),"","БДНС,") &IF(ISERROR(MATCH(1,INDEX(('Списки блоков'!$C$2:$C986=B16)*(ROW('Списки блоков'!$C$2:$C986)<>ROW('Списки блоков'!$C$3)),0),0)),"","Видеолаба,") &IF(ISERROR(MATCH(1,INDEX(('Списки блоков'!$D$2:$D986=B16)*(ROW('Списки блоков'!$D$2:$D986)<>ROW('Списки блоков'!$D$3)),0),0)),"","Декораторы,") &IF(ISERROR(MATCH(1,INDEX(('Списки блоков'!$E$2:$E986=B16)*(ROW('Списки блоков'!$E$2:$E986)<>ROW('Списки блоков'!$E$3)),0),0)),"","Дизайн,") &IF(ISERROR(MATCH(1,INDEX(('Списки блоков'!$F$2:$F986=B16)*(ROW('Списки блоков'!$F$2:$F986)<>ROW('Списки блоков'!$F$3)),0),0)),"","Досуг,") &IF(ISERROR(MATCH(1,INDEX(('Списки блоков'!$G$2:$G986=B16)*(ROW('Списки блоков'!$G$2:$G986)<>ROW('Списки блоков'!$G$3)),0),0)),"","Закупки,") &IF(ISERROR(MATCH(1,INDEX(('Списки блоков'!$H$2:$H986=B16)*(ROW('Списки блоков'!$H$2:$H986)<>ROW('Списки блоков'!$H$3)),0),0)),"","ИнфоБлок,") &IF(ISERROR(MATCH(1,INDEX(('Списки блоков'!$I$2:$I986=B16)*(ROW('Списки блоков'!$I$2:$I986)<>ROW('Списки блоков'!$I$3)),0),0)),"","КГ,") &IF(ISERROR(MATCH(1,INDEX(('Списки блоков'!$J$2:$J986=B16)*(ROW('Списки блоков'!$J$2:$J986)<>ROW('Списки блоков'!$J$3)),0),0)),"","МП,") &IF(ISERROR(MATCH(1,INDEX(('Списки блоков'!$K$2:$K986=B16)*(ROW('Списки блоков'!$K$2:$K986)<>ROW('Списки блоков'!$K$3)),0),0)),"","Профорги,") &IF(ISERROR(MATCH(1,INDEX(('Списки блоков'!$L$2:$L986=B16)*(ROW('Списки блоков'!$L$2:$L986)<>ROW('Списки блоков'!$L$3)),0),0)),"","Спонсоры,") &IF(ISERROR(MATCH(1,INDEX(('Списки блоков'!$M$2:$M986=B16)*(ROW('Списки блоков'!$M$2:$M986)<>ROW('Списки блоков'!$M$3)),0),0)),"","Склад,") &IF(ISERROR(MATCH(1,INDEX(('Списки блоков'!$N$2:$N986=B16)*(ROW('Списки блоков'!$N$2:$N986)<>ROW('Списки блоков'!$N$3)),0),0)),"","Сценаристы,") &IF(ISERROR(MATCH(1,INDEX(('Списки блоков'!$O$2:$O986=B16)*(ROW('Списки блоков'!$O$2:$O986)<>ROW('Списки блоков'!$O$3)),0),0)),"","Техники,") &IF(ISERROR(MATCH(1,INDEX(('Списки блоков'!$P$2:$P986=B16)*(ROW('Списки блоков'!$P$2:$P986)<>ROW('Списки блоков'!$P$3)),0),0)),"","УРС,") &IF(ISERROR(MATCH(1,INDEX(('Списки блоков'!$Q$2:$Q986=B16)*(ROW('Списки блоков'!$Q$2:$Q986)<>ROW('Списки блоков'!$Q$3)),0),0)),"","Фото,") &IF(ISERROR(MATCH(1,INDEX((#REF!=B16)*(ROW(#REF!)<>ROW(#REF!)),0),0)),"","ЭкоБлок,") &IF(ISERROR(MATCH(1,INDEX(('Списки блоков'!$R$2:$R986=B16)*(ROW('Списки блоков'!$R$2:$R986)<>ROW('Списки блоков'!$R$3)),0),0)),"","HR,") &IF(ISERROR(MATCH(1,INDEX(('Списки блоков'!$S$2:$S986=B16)*(ROW('Списки блоков'!$S$2:$S986)<>ROW('Списки блоков'!$S$3)),0),0)),"","Instagram,") &IF(ISERROR(MATCH(1,INDEX(('Списки блоков'!$T$2:$T986=B16)*(ROW('Списки блоков'!$T$2:$T986)<>ROW('Списки блоков'!$T$3)),0),0)),"","Zachёt,") &IF(ISERROR(MATCH(1,INDEX(('Списки блоков'!$U$2:$U986=B16)*(ROW('Списки блоков'!$U$2:$U986)<>ROW('Списки блоков'!$U$3)),0),0)),"","IT,") &IF(ISERROR(MATCH(1,INDEX(('Списки блоков'!$V$2:$V986=B16)*(ROW('Списки блоков'!$V$2:$V986)<>ROW('Списки блоков'!$V$3)),0),0)),"","ДК,")} -> Склад,HR,IT,ДК, | F16: 89645938620 | G16: https://vk.com/pochtichekhov | H16: @pochti_chekhov | I16: bulkin261@gmail.com | J16: Бюджет
A17: Валиев Радмир Рамильевич | B17: =LEFT(A17,FIND(CHAR(160),SUBSTITUTE(A17," ",CHAR(160),2)) - 1) -> Валиев Радмир | C17: 103 | D17: ДСЛ | E17: {=IF(ISERROR(MATCH(1,INDEX(('Списки блоков'!$B$2:$B986=B17)*(ROW('Списки блоков'!$B$2:$B986)<>ROW('Списки блоков'!$B$3)),0),0)),"","БДНС,") &IF(ISERROR(MATCH(1,INDEX(('Списки блоков'!$C$2:$C986=B17)*(ROW('Списки блоков'!$C$2:$C986)<>ROW('Списки блоков'!$C$3)),0),0)),"","Видеолаба,") &IF(ISERROR(MATCH(1,INDEX(('Списки блоков'!$D$2:$D986=B17)*(ROW('Списки блоков'!$D$2:$D986)<>ROW('Списки блоков'!$D$3)),0),0)),"","Декораторы,") &IF(ISERROR(MATCH(1,INDEX(('Списки блоков'!$E$2:$E986=B17)*(ROW('Списки блоков'!$E$2:$E986)<>ROW('Списки блоков'!$E$3)),0),0)),"","Дизайн,") &IF(ISERROR(MATCH(1,INDEX(('Списки блоков'!$F$2:$F986=B17)*(ROW('Списки блоков'!$F$2:$F986)<>ROW('Списки блоков'!$F$3)),0),0)),"","Досуг,") &IF(ISERROR(MATCH(1,INDEX(('Списки блоков'!$G$2:$G986=B17)*(ROW('Списки блоков'!$G$2:$G986)<>ROW('Списки блоков'!$G$3)),0),0)),"","Закупки,") &IF(ISERROR(MATCH(1,INDEX(('Списки блоков'!$H$2:$H986=B17)*(ROW('Списки блоков'!$H$2:$H986)<>ROW('Списки блоков'!$H$3)),0),0)),"","ИнфоБлок,") &IF(ISERROR(MATCH(1,INDEX(('Списки блоков'!$I$2:$I986=B17)*(ROW('Списки блоков'!$I$2:$I986)<>ROW('Списки блоков'!$I$3)),0),0)),"","КГ,") &IF(ISERROR(MATCH(1,INDEX(('Списки блоков'!$J$2:$J986=B17)*(ROW('Списки блоков'!$J$2:$J986)<>ROW('Списки блоков'!$J$3)),0),0)),"","МП,") &IF(ISERROR(MATCH(1,INDEX(('Списки блоков'!$K$2:$K986=B17)*(ROW('Списки блоков'!$K$2:$K986)<>ROW('Списки блоков'!$K$3)),0),0)),"","Профорги,") &IF(ISERROR(MATCH(1,INDEX(('Списки блоков'!$L$2:$L986=B17)*(ROW('Списки блоков'!$L$2:$L986)<>ROW('Списки блоков'!$L$3)),0),0)),"","Спонсоры,") &IF(ISERROR(MATCH(1,INDEX(('Списки блоков'!$M$2:$M986=B17)*(ROW('Списки блоков'!$M$2:$M986)<>ROW('Списки блоков'!$M$3)),0),0)),"","Склад,") &IF(ISERROR(MATCH(1,INDEX(('Списки блоков'!$N$2:$N986=B17)*(ROW('Списки блоков'!$N$2:$N986)<>ROW('Списки блоков'!$N$3)),0),0)),"","Сценаристы,") &IF(ISERROR(MATCH(1,INDEX(('Списки блоков'!$O$2:$O986=B17)*(ROW('Списки блоков'!$O$2:$O986)<>ROW('Списки блоков'!$O$3)),0),0)),"","Техники,") &IF(ISERROR(MATCH(1,INDEX(('Списки блоков'!$P$2:$P986=B17)*(ROW('Списки блоков'!$P$2:$P986)<>ROW('Списки блоков'!$P$3)),0),0)),"","УРС,") &IF(ISERROR(MATCH(1,INDEX(('Списки блоков'!$Q$2:$Q986=B17)*(ROW('Списки блоков'!$Q$2:$Q986)<>ROW('Списки блоков'!$Q$3)),0),0)),"","Фото,") &IF(ISERROR(MATCH(1,INDEX((#REF!=B17)*(ROW(#REF!)<>ROW(#REF!)),0),0)),"","ЭкоБлок,") &IF(ISERROR(MATCH(1,INDEX(('Списки блоков'!$R$2:$R986=B17)*(ROW('Списки блоков'!$R$2:$R986)<>ROW('Списки блоков'!$R$3)),0),0)),"","HR,") &IF(ISERROR(MATCH(1,INDEX(('Списки блоков'!$S$2:$S986=B17)*(ROW('Списки блоков'!$S$2:$S986)<>ROW('Списки блоков'!$S$3)),0),0)),"","Instagram,") &IF(ISERROR(MATCH(1,INDEX(('Списки блоков'!$T$2:$T986=B17)*(ROW('Списки блоков'!$T$2:$T986)<>ROW('Списки блоков'!$T$3)),0),0)),"","Zachёt,") &IF(ISERROR(MATCH(1,INDEX(('Списки блоков'!$U$2:$U986=B17)*(ROW('Списки блоков'!$U$2:$U986)<>ROW('Списки блоков'!$U$3)),0),0)),"","IT,") &IF(ISERROR(MATCH(1,INDEX(('Списки блоков'!$V$2:$V986=B17)*(ROW('Списки блоков'!$V$2:$V986)<>ROW('Списки блоков'!$V$3)),0),0)),"","ДК,")} -> Декораторы, | F17: 89088892318 | G17: https://vk.com/joyoftheworld | H17: https://t.me/radmyaus | I17: vradmir2007@gmail.com | J17: Бюджет
A18: Веревкин Илья Александрович | B18: =LEFT(A18,FIND(CHAR(160),SUBSTITUTE(A18," ",CHAR(160),2)) - 1) -> Веревкин Илья | C18: 111 | D18: марьина роща | E18: {=IF(ISERROR(MATCH(1,INDEX(('Списки блоков'!$B$2:$B986=B18)*(ROW('Списки блоков'!$B$2:$B986)<>ROW('Списки блоков'!$B$3)),0),0)),"","БДНС,") &IF(ISERROR(MATCH(1,INDEX(('Списки блоков'!$C$2:$C986=B18)*(ROW('Списки блоков'!$C$2:$C986)<>ROW('Списки блоков'!$C$3)),0),0)),"","Видеолаба,") &IF(ISERROR(MATCH(1,INDEX(('Списки блоков'!$D$2:$D986=B18)*(ROW('Списки блоков'!$D$2:$D986)<>ROW('Списки блоков'!$D$3)),0),0)),"","Декораторы,") &IF(ISERROR(MATCH(1,INDEX(('Списки блоков'!$E$2:$E986=B18)*(ROW('Списки блоков'!$E$2:$E986)<>ROW('Списки блоков'!$E$3)),0),0)),"","Дизайн,") &IF(ISERROR(MATCH(1,INDEX(('Списки блоков'!$F$2:$F986=B18)*(ROW('Списки блоков'!$F$2:$F986)<>ROW('Списки блоков'!$F$3)),0),0)),"","Досуг,") &IF(ISERROR(MATCH(1,INDEX(('Списки блоков'!$G$2:$G986=B18)*(ROW('Списки блоков'!$G$2:$G986)<>ROW('Списки блоков'!$G$3)),0),0)),"","Закупки,") &IF(ISERROR(MATCH(1,INDEX(('Списки блоков'!$H$2:$H986=B18)*(ROW('Списки блоков'!$H$2:$H986)<>ROW('Списки блоков'!$H$3)),0),0)),"","ИнфоБлок,") &IF(ISERROR(MATCH(1,INDEX(('Списки блоков'!$I$2:$I986=B18)*(ROW('Списки блоков'!$I$2:$I986)<>ROW('Списки блоков'!$I$3)),0),0)),"","КГ,") &IF(ISERROR(MATCH(1,INDEX(('Списки блоков'!$J$2:$J986=B18)*(ROW('Списки блоков'!$J$2:$J986)<>ROW('Списки блоков'!$J$3)),0),0)),"","МП,") &IF(ISERROR(MATCH(1,INDEX(('Списки блоков'!$K$2:$K986=B18)*(ROW('Списки блоков'!$K$2:$K986)<>ROW('Списки блоков'!$K$3)),0),0)),"","Профорги,") &IF(ISERROR(MATCH(1,INDEX(('Списки блоков'!$L$2:$L986=B18)*(ROW('Списки блоков'!$L$2:$L986)<>ROW('Списки блоков'!$L$3)),0),0)),"","Спонсоры,") &IF(ISERROR(MATCH(1,INDEX(('Списки блоков'!$M$2:$M986=B18)*(ROW('Списки блоков'!$M$2:$M986)<>ROW('Списки блоков'!$M$3)),0),0)),"","Склад,") &IF(ISERROR(MATCH(1,INDEX(('Списки блоков'!$N$2:$N986=B18)*(ROW('Списки блоков'!$N$2:$N986)<>ROW('Списки блоков'!$N$3)),0),0)),"","Сценаристы,") &IF(ISERROR(MATCH(1,INDEX(('Списки блоков'!$O$2:$O986=B18)*(ROW('Списки блоков'!$O$2:$O986)<>ROW('Списки блоков'!$O$3)),0),0)),"","Техники,") &IF(ISERROR(MATCH(1,INDEX(('Списки блоков'!$P$2:$P986=B18)*(ROW('Списки блоков'!$P$2:$P986)<>ROW('Списки блоков'!$P$3)),0),0)),"","УРС,") &IF(ISERROR(MATCH(1,INDEX(('Списки блоков'!$Q$2:$Q986=B18)*(ROW('Списки блоков'!$Q$2:$Q986)<>ROW('Списки блоков'!$Q$3)),0),0)),"","Фото,") &IF(ISERROR(MATCH(1,INDEX((#REF!=B18)*(ROW(#REF!)<>ROW(#REF!)),0),0)),"","ЭкоБлок,") &IF(ISERROR(MATCH(1,INDEX(('Списки блоков'!$R$2:$R986=B18)*(ROW('Списки блоков'!$R$2:$R986)<>ROW('Списки блоков'!$R$3)),0),0)),"","HR,") &IF(ISERROR(MATCH(1,INDEX(('Списки блоков'!$S$2:$S986=B18)*(ROW('Списки блоков'!$S$2:$S986)<>ROW('Списки блоков'!$S$3)),0),0)),"","Instagram,") &IF(ISERROR(MATCH(1,INDEX(('Списки блоков'!$T$2:$T986=B18)*(ROW('Списки блоков'!$T$2:$T986)<>ROW('Списки блоков'!$T$3)),0),0)),"","Zachёt,") &IF(ISERROR(MATCH(1,INDEX(('Списки блоков'!$U$2:$U986=B18)*(ROW('Списки блоков'!$U$2:$U986)<>ROW('Списки блоков'!$U$3)),0),0)),"","IT,") &IF(ISERROR(MATCH(1,INDEX(('Списки блоков'!$V$2:$V986=B18)*(ROW('Списки блоков'!$V$2:$V986)<>ROW('Списки блоков'!$V$3)),0),0)),"","ДК,")} -> Спонсоры,Техники, | F18: 89835298840 | G18: https://vk.com/endrezza | H18: @zerenicca | I18: endrezza@mail.ru | J18: Бюджет
A19: Винокуров Кирилл Владимирович | B19: =LEFT(A19,FIND(CHAR(160),SUBSTITUTE(A19," ",CHAR(160),2)) - 1) -> Винокуров Кирилл | C19: 321 | D19: Бабушкинская | E19: {=IF(ISERROR(MATCH(1,INDEX(('Списки блоков'!$B$2:$B986=B19)*(ROW('Списки блоков'!$B$2:$B986)<>ROW('Списки блоков'!$B$3)),0),0)),"","БДНС,") &IF(ISERROR(MATCH(1,INDEX(('Списки блоков'!$C$2:$C986=B19)*(ROW('Списки блоков'!$C$2:$C986)<>ROW('Списки блоков'!$C$3)),0),0)),"","Видеолаба,") &IF(ISERROR(MATCH(1,INDEX(('Списки блоков'!$D$2:$D986=B19)*(ROW('Списки блоков'!$D$2:$D986)<>ROW('Списки блоков'!$D$3)),0),0)),"","Декораторы,") &IF(ISERROR(MATCH(1,INDEX(('Списки блоков'!$E$2:$E986=B19)*(ROW('Списки блоков'!$E$2:$E986)<>ROW('Списки блоков'!$E$3)),0),0)),"","Дизайн,") &IF(ISERROR(MATCH(1,INDEX(('Списки блоков'!$F$2:$F986=B19)*(ROW('Списки блоков'!$F$2:$F986)<>ROW('Списки блоков'!$F$3)),0),0)),"","Досуг,") &IF(ISERROR(MATCH(1,INDEX(('Списки блоков'!$G$2:$G986=B19)*(ROW('Списки блоков'!$G$2:$G986)<>ROW('Списки блоков'!$G$3)),0),0)),"","Закупки,") &IF(ISERROR(MATCH(1,INDEX(('Списки блоков'!$H$2:$H986=B19)*(ROW('Списки блоков'!$H$2:$H986)<>ROW('Списки блоков'!$H$3)),0),0)),"","ИнфоБлок,") &IF(ISERROR(MATCH(1,INDEX(('Списки блоков'!$I$2:$I986=B19)*(ROW('Списки блоков'!$I$2:$I986)<>ROW('Списки блоков'!$I$3)),0),0)),"","КГ,") &IF(ISERROR(MATCH(1,INDEX(('Списки блоков'!$J$2:$J986=B19)*(ROW('Списки блоков'!$J$2:$J986)<>ROW('Списки блоков'!$J$3)),0),0)),"","МП,") &IF(ISERROR(MATCH(1,INDEX(('Списки блоков'!$K$2:$K986=B19)*(ROW('Списки блоков'!$K$2:$K986)<>ROW('Списки блоков'!$K$3)),0),0)),"","Профорги,") &IF(ISERROR(MATCH(1,INDEX(('Списки блоков'!$L$2:$L986=B19)*(ROW('Списки блоков'!$L$2:$L986)<>ROW('Списки блоков'!$L$3)),0),0)),"","Спонсоры,") &IF(ISERROR(MATCH(1,INDEX(('Списки блоков'!$M$2:$M986=B19)*(ROW('Списки блоков'!$M$2:$M986)<>ROW('Списки блоков'!$M$3)),0),0)),"","Склад,") &IF(ISERROR(MATCH(1,INDEX(('Списки блоков'!$N$2:$N986=B19)*(ROW('Списки блоков'!$N$2:$N986)<>ROW('Списки блоков'!$N$3)),0),0)),"","Сценаристы,") &IF(ISERROR(MATCH(1,INDEX(('Списки блоков'!$O$2:$O986=B19)*(ROW('Списки блоков'!$O$2:$O986)<>ROW('Списки блоков'!$O$3)),0),0)),"","Техники,") &IF(ISERROR(MATCH(1,INDEX(('Списки блоков'!$P$2:$P986=B19)*(ROW('Списки блоков'!$P$2:$P986)<>ROW('Списки блоков'!$P$3)),0),0)),"","УРС,") &IF(ISERROR(MATCH(1,INDEX(('Списки блоков'!$Q$2:$Q986=B19)*(ROW('Списки блоков'!$Q$2:$Q986)<>ROW('Списки блоков'!$Q$3)),0),0)),"","Фото,") &IF(ISERROR(MATCH(1,INDEX((#REF!=B19)*(ROW(#REF!)<>ROW(#REF!)),0),0)),"","ЭкоБлок,") &IF(ISERROR(MATCH(1,INDEX(('Списки блоков'!$R$2:$R986=B19)*(ROW('Списки блоков'!$R$2:$R986)<>ROW('Списки блоков'!$R$3)),0),0)),"","HR,") &IF(ISERROR(MATCH(1,INDEX(('Списки блоков'!$S$2:$S986=B19)*(ROW('Списки блоков'!$S$2:$S986)<>ROW('Списки блоков'!$S$3)),0),0)),"","Instagram,") &IF(ISERROR(MATCH(1,INDEX(('Списки блоков'!$T$2:$T986=B19)*(ROW('Списки блоков'!$T$2:$T986)<>ROW('Списки блоков'!$T$3)),0),0)),"","Zachёt,") &IF(ISERROR(MATCH(1,INDEX(('Списки блоков'!$U$2:$U986=B19)*(ROW('Списки блоков'!$U$2:$U986)<>ROW('Списки блоков'!$U$3)),0),0)),"","IT,") &IF(ISERROR(MATCH(1,INDEX(('Списки блоков'!$V$2:$V986=B19)*(ROW('Списки блоков'!$V$2:$V986)<>ROW('Списки блоков'!$V$3)),0),0)),"","ДК,")} -> БДНС,Видеолаба,Декораторы,Дизайн,Склад,Сценаристы,Техники,HR,ДК, | F19: 89099902934 | G19: https://vk.com/winesm0ker | H19: @WineSm0ker | I19: kirikvin8490@gmail.com | J19: Бюджет
A20: Вожга Маргарита Михайловна | B20: =LEFT(A20,FIND(CHAR(160),SUBSTITUTE(A20," ",CHAR(160),2)) - 1) -> Вожга Маргарита | C20: 312 | D20: Аэропорт | E20: {=IF(ISERROR(MATCH(1,INDEX(('Списки блоков'!$B$2:$B986=B20)*(ROW('Списки блоков'!$B$2:$B986)<>ROW('Списки блоков'!$B$3)),0),0)),"","БДНС,") &IF(ISERROR(MATCH(1,INDEX(('Списки блоков'!$C$2:$C986=B20)*(ROW('Списки блоков'!$C$2:$C986)<>ROW('Списки блоков'!$C$3)),0),0)),"","Видеолаба,") &IF(ISERROR(MATCH(1,INDEX(('Списки блоков'!$D$2:$D986=B20)*(ROW('Списки блоков'!$D$2:$D986)<>ROW('Списки блоков'!$D$3)),0),0)),"","Декораторы,") &IF(ISERROR(MATCH(1,INDEX(('Списки блоков'!$E$2:$E986=B20)*(ROW('Списки блоков'!$E$2:$E986)<>ROW('Списки блоков'!$E$3)),0),0)),"","Дизайн,") &IF(ISERROR(MATCH(1,INDEX(('Списки блоков'!$F$2:$F986=B20)*(ROW('Списки блоков'!$F$2:$F986)<>ROW('Списки блоков'!$F$3)),0),0)),"","Досуг,") &IF(ISERROR(MATCH(1,INDEX(('Списки блоков'!$G$2:$G986=B20)*(ROW('Списки блоков'!$G$2:$G986)<>ROW('Списки блоков'!$G$3)),0),0)),"","Закупки,") &IF(ISERROR(MATCH(1,INDEX(('Списки блоков'!$H$2:$H986=B20)*(ROW('Списки блоков'!$H$2:$H986)<>ROW('Списки блоков'!$H$3)),0),0)),"","ИнфоБлок,") &IF(ISERROR(MATCH(1,INDEX(('Списки блоков'!$I$2:$I986=B20)*(ROW('Списки блоков'!$I$2:$I986)<>ROW('Списки блоков'!$I$3)),0),0)),"","КГ,") &IF(ISERROR(MATCH(1,INDEX(('Списки блоков'!$J$2:$J986=B20)*(ROW('Списки блоков'!$J$2:$J986)<>ROW('Списки блоков'!$J$3)),0),0)),"","МП,") &IF(ISERROR(MATCH(1,INDEX(('Списки блоков'!$K$2:$K986=B20)*(ROW('Списки блоков'!$K$2:$K986)<>ROW('Списки блоков'!$K$3)),0),0)),"","Профорги,") &IF(ISERROR(MATCH(1,INDEX(('Списки блоков'!$L$2:$L986=B20)*(ROW('Списки блоков'!$L$2:$L986)<>ROW('Списки блоков'!$L$3)),0),0)),"","Спонсоры,") &IF(ISERROR(MATCH(1,INDEX(('Списки блоков'!$M$2:$M986=B20)*(ROW('Списки блоков'!$M$2:$M986)<>ROW('Списки блоков'!$M$3)),0),0)),"","Склад,") &IF(ISERROR(MATCH(1,INDEX(('Списки блоков'!$N$2:$N986=B20)*(ROW('Списки блоков'!$N$2:$N986)<>ROW('Списки блоков'!$N$3)),0),0)),"","Сценаристы,") &IF(ISERROR(MATCH(1,INDEX(('Списки блоков'!$O$2:$O986=B20)*(ROW('Списки блоков'!$O$2:$O986)<>ROW('Списки блоков'!$O$3)),0),0)),"","Техники,") &IF(ISERROR(MATCH(1,INDEX(('Списки блоков'!$P$2:$P986=B20)*(ROW('Списки блоков'!$P$2:$P986)<>ROW('Списки блоков'!$P$3)),0),0)),"","УРС,") &IF(ISERROR(MATCH(1,INDEX(('Списки блоков'!$Q$2:$Q986=B20)*(ROW('Списки блоков'!$Q$2:$Q986)<>ROW('Списки блоков'!$Q$3)),0),0)),"","Фото,") &IF(ISERROR(MATCH(1,INDEX((#REF!=B20)*(ROW(#REF!)<>ROW(#REF!)),0),0)),"","ЭкоБлок,") &IF(ISERROR(MATCH(1,INDEX(('Списки блоков'!$R$2:$R986=B20)*(ROW('Списки блоков'!$R$2:$R986)<>ROW('Списки блоков'!$R$3)),0),0)),"","HR,") &IF(ISERROR(MATCH(1,INDEX(('Списки блоков'!$S$2:$S986=B20)*(ROW('Списки блоков'!$S$2:$S986)<>ROW('Списки блоков'!$S$3)),0),0)),"","Instagram,") &IF(ISERROR(MATCH(1,INDEX(('Списки блоков'!$T$2:$T986=B20)*(ROW('Списки блоков'!$T$2:$T986)<>ROW('Списки блоков'!$T$3)),0),0)),"","Zachёt,") &IF(ISERROR(MATCH(1,INDEX(('Списки блоков'!$U$2:$U986=B20)*(ROW('Списки блоков'!$U$2:$U986)<>ROW('Списки блоков'!$U$3)),0),0)),"","IT,") &IF(ISERROR(MATCH(1,INDEX(('Списки блоков'!$V$2:$V986=B20)*(ROW('Списки блоков'!$V$2:$V986)<>ROW('Списки блоков'!$V$3)),0),0)),"","ДК,")} -> Instagram, | F20: 89852183909 | G20: https://vk.com/vozhgar | H20: @vozhgar | I20: vozhga.rita@gmail.com | J20: Бюджет
A21: Воробьев Артем Андреевич | B21: Воробьев Артем | C21: 106 | D21: Москва, метро Раменки | E21: {=IF(ISERROR(MATCH(1,INDEX(('Списки блоков'!$B$2:$B986=B21)*(ROW('Списки блоков'!$B$2:$B986)<>ROW('Списки блоков'!$B$3)),0),0)),"","БДНС,") &IF(ISERROR(MATCH(1,INDEX(('Списки блоков'!$C$2:$C986=B21)*(ROW('Списки блоков'!$C$2:$C986)<>ROW('Списки блоков'!$C$3)),0),0)),"","Видеолаба,") &IF(ISERROR(MATCH(1,INDEX(('Списки блоков'!$D$2:$D986=B21)*(ROW('Списки блоков'!$D$2:$D986)<>ROW('Списки блоков'!$D$3)),0),0)),"","Декораторы,") &IF(ISERROR(MATCH(1,INDEX(('Списки блоков'!$E$2:$E986=B21)*(ROW('Списки блоков'!$E$2:$E986)<>ROW('Списки блоков'!$E$3)),0),0)),"","Дизайн,") &IF(ISERROR(MATCH(1,INDEX(('Списки блоков'!$F$2:$F986=B21)*(ROW('Списки блоков'!$F$2:$F986)<>ROW('Списки блоков'!$F$3)),0),0)),"","Досуг,") &IF(ISERROR(MATCH(1,INDEX(('Списки блоков'!$G$2:$G986=B21)*(ROW('Списки блоков'!$G$2:$G986)<>ROW('Списки блоков'!$G$3)),0),0)),"","Закупки,") &IF(ISERROR(MATCH(1,INDEX(('Списки блоков'!$H$2:$H986=B21)*(ROW('Списки блоков'!$H$2:$H986)<>ROW('Списки блоков'!$H$3)),0),0)),"","ИнфоБлок,") &IF(ISERROR(MATCH(1,INDEX(('Списки блоков'!$I$2:$I986=B21)*(ROW('Списки блоков'!$I$2:$I986)<>ROW('Списки блоков'!$I$3)),0),0)),"","КГ,") &IF(ISERROR(MATCH(1,INDEX(('Списки блоков'!$J$2:$J986=B21)*(ROW('Списки блоков'!$J$2:$J986)<>ROW('Списки блоков'!$J$3)),0),0)),"","МП,") &IF(ISERROR(MATCH(1,INDEX(('Списки блоков'!$K$2:$K986=B21)*(ROW('Списки блоков'!$K$2:$K986)<>ROW('Списки блоков'!$K$3)),0),0)),"","Профорги,") &IF(ISERROR(MATCH(1,INDEX(('Списки блоков'!$L$2:$L986=B21)*(ROW('Списки блоков'!$L$2:$L986)<>ROW('Списки блоков'!$L$3)),0),0)),"","Спонсоры,") &IF(ISERROR(MATCH(1,INDEX(('Списки блоков'!$M$2:$M986=B21)*(ROW('Списки блоков'!$M$2:$M986)<>ROW('Списки блоков'!$M$3)),0),0)),"","Склад,") &IF(ISERROR(MATCH(1,INDEX(('Списки блоков'!$N$2:$N986=B21)*(ROW('Списки блоков'!$N$2:$N986)<>ROW('Списки блоков'!$N$3)),0),0)),"","Сценаристы,") &IF(ISERROR(MATCH(1,INDEX(('Списки блоков'!$O$2:$O986=B21)*(ROW('Списки блоков'!$O$2:$O986)<>ROW('Списки блоков'!$O$3)),0),0)),"","Техники,") &IF(ISERROR(MATCH(1,INDEX(('Списки блоков'!$P$2:$P986=B21)*(ROW('Списки блоков'!$P$2:$P986)<>ROW('Списки блоков'!$P$3)),0),0)),"","УРС,") &IF(ISERROR(MATCH(1,INDEX(('Списки блоков'!$Q$2:$Q986=B21)*(ROW('Списки блоков'!$Q$2:$Q986)<>ROW('Списки блоков'!$Q$3)),0),0)),"","Фото,") &IF(ISERROR(MATCH(1,INDEX((#REF!=B21)*(ROW(#REF!)<>ROW(#REF!)),0),0)),"","ЭкоБлок,") &IF(ISERROR(MATCH(1,INDEX(('Списки блоков'!$R$2:$R986=B21)*(ROW('Списки блоков'!$R$2:$R986)<>ROW('Списки блоков'!$R$3)),0),0)),"","HR,") &IF(ISERROR(MATCH(1,INDEX(('Списки блоков'!$S$2:$S986=B21)*(ROW('Списки блоков'!$S$2:$S986)<>ROW('Списки блоков'!$S$3)),0),0)),"","Instagram,") &IF(ISERROR(MATCH(1,INDEX(('Списки блоков'!$T$2:$T986=B21)*(ROW('Списки блоков'!$T$2:$T986)<>ROW('Списки блоков'!$T$3)),0),0)),"","Zachёt,") &IF(ISERROR(MATCH(1,INDEX(('Списки блоков'!$U$2:$U986=B21)*(ROW('Списки блоков'!$U$2:$U986)<>ROW('Списки блоков'!$U$3)),0),0)),"","IT,") &IF(ISERROR(MATCH(1,INDEX(('Списки блоков'!$V$2:$V986=B21)*(ROW('Списки блоков'!$V$2:$V986)<>ROW('Списки блоков'!$V$3)),0),0)),"","ДК,")} -> Дизайн,Техники,IT, | F21: 89099257077 | G21: https://vk.com/arterics | H21: https://t.me/V_Arterics | I21: vorobiev.artem07@gmail.com | J21: Контракт
A22: Габриелян Арина Аристакесовна | B22: =LEFT(A22,FIND(CHAR(160),SUBSTITUTE(A22," ",CHAR(160),2)) - 1) -> Габриелян Арина | C22: 307 | D22: - | E22: {=IF(ISERROR(MATCH(1,INDEX(('Списки блоков'!$B$2:$B986=B22)*(ROW('Списки блоков'!$B$2:$B986)<>ROW('Списки блоков'!$B$3)),0),0)),"","БДНС,") &IF(ISERROR(MATCH(1,INDEX(('Списки блоков'!$C$2:$C986=B22)*(ROW('Списки блоков'!$C$2:$C986)<>ROW('Списки блоков'!$C$3)),0),0)),"","Видеолаба,") &IF(ISERROR(MATCH(1,INDEX(('Списки блоков'!$D$2:$D986=B22)*(ROW('Списки блоков'!$D$2:$D986)<>ROW('Списки блоков'!$D$3)),0),0)),"","Декораторы,") &IF(ISERROR(MATCH(1,INDEX(('Списки блоков'!$E$2:$E986=B22)*(ROW('Списки блоков'!$E$2:$E986)<>ROW('Списки блоков'!$E$3)),0),0)),"","Дизайн,") &IF(ISERROR(MATCH(1,INDEX(('Списки блоков'!$F$2:$F986=B22)*(ROW('Списки блоков'!$F$2:$F986)<>ROW('Списки блоков'!$F$3)),0),0)),"","Досуг,") &IF(ISERROR(MATCH(1,INDEX(('Списки блоков'!$G$2:$G986=B22)*(ROW('Списки блоков'!$G$2:$G986)<>ROW('Списки блоков'!$G$3)),0),0)),"","Закупки,") &IF(ISERROR(MATCH(1,INDEX(('Списки блоков'!$H$2:$H986=B22)*(ROW('Списки блоков'!$H$2:$H986)<>ROW('Списки блоков'!$H$3)),0),0)),"","ИнфоБлок,") &IF(ISERROR(MATCH(1,INDEX(('Списки блоков'!$I$2:$I986=B22)*(ROW('Списки блоков'!$I$2:$I986)<>ROW('Списки блоков'!$I$3)),0),0)),"","КГ,") &IF(ISERROR(MATCH(1,INDEX(('Списки блоков'!$J$2:$J986=B22)*(ROW('Списки блоков'!$J$2:$J986)<>ROW('Списки блоков'!$J$3)),0),0)),"","МП,") &IF(ISERROR(MATCH(1,INDEX(('Списки блоков'!$K$2:$K986=B22)*(ROW('Списки блоков'!$K$2:$K986)<>ROW('Списки блоков'!$K$3)),0),0)),"","Профорги,") &IF(ISERROR(MATCH(1,INDEX(('Списки блоков'!$L$2:$L986=B22)*(ROW('Списки блоков'!$L$2:$L986)<>ROW('Списки блоков'!$L$3)),0),0)),"","Спонсоры,") &IF(ISERROR(MATCH(1,INDEX(('Списки блоков'!$M$2:$M986=B22)*(ROW('Списки блоков'!$M$2:$M986)<>ROW('Списки блоков'!$M$3)),0),0)),"","Склад,") &IF(ISERROR(MATCH(1,INDEX(('Списки блоков'!$N$2:$N986=B22)*(ROW('Списки блоков'!$N$2:$N986)<>ROW('Списки блоков'!$N$3)),0),0)),"","Сценаристы,") &IF(ISERROR(MATCH(1,INDEX(('Списки блоков'!$O$2:$O986=B22)*(ROW('Списки блоков'!$O$2:$O986)<>ROW('Списки блоков'!$O$3)),0),0)),"","Техники,") &IF(ISERROR(MATCH(1,INDEX(('Списки блоков'!$P$2:$P986=B22)*(ROW('Списки блоков'!$P$2:$P986)<>ROW('Списки блоков'!$P$3)),0),0)),"","УРС,") &IF(ISERROR(MATCH(1,INDEX(('Списки блоков'!$Q$2:$Q986=B22)*(ROW('Списки блоков'!$Q$2:$Q986)<>ROW('Списки блоков'!$Q$3)),0),0)),"","Фото,") &IF(ISERROR(MATCH(1,INDEX((#REF!=B22)*(ROW(#REF!)<>ROW(#REF!)),0),0)),"","ЭкоБлок,") &IF(ISERROR(MATCH(1,INDEX(('Списки блоков'!$R$2:$R986=B22)*(ROW('Списки блоков'!$R$2:$R986)<>ROW('Списки блоков'!$R$3)),0),0)),"","HR,") &IF(ISERROR(MATCH(1,INDEX(('Списки блоков'!$S$2:$S986=B22)*(ROW('Списки блоков'!$S$2:$S986)<>ROW('Списки блоков'!$S$3)),0),0)),"","Instagram,") &IF(ISERROR(MATCH(1,INDEX(('Списки блоков'!$T$2:$T986=B22)*(ROW('Списки блоков'!$T$2:$T986)<>ROW('Списки блоков'!$T$3)),0),0)),"","Zachёt,") &IF(ISERROR(MATCH(1,INDEX(('Списки блоков'!$U$2:$U986=B22)*(ROW('Списки блоков'!$U$2:$U986)<>ROW('Списки блоков'!$U$3)),0),0)),"","IT,") &IF(ISERROR(MATCH(1,INDEX(('Списки блоков'!$V$2:$V986=B22)*(ROW('Списки блоков'!$V$2:$V986)<>ROW('Списки блоков'!$V$3)),0),0)),"","ДК,")} -> Закупки,ИнфоБлок,КГ, | F22: 89055977141 | G22: @justintrovert | H22: @i_am_syclik | I22: arihag2005@gmail.com | J22: Контракт
A23: Глазунов Матвей Александрович | B23: =LEFT(A23,FIND(CHAR(160),SUBSTITUTE(A23," ",CHAR(160),2)) - 1) -> Глазунов Матвей | C23: 317 | D23: ДСЛ | E23: {=IF(ISERROR(MATCH(1,INDEX(('Списки блоков'!$B$2:$B986=B23)*(ROW('Списки блоков'!$B$2:$B986)<>ROW('Списки блоков'!$B$3)),0),0)),"","БДНС,") &IF(ISERROR(MATCH(1,INDEX(('Списки блоков'!$C$2:$C986=B23)*(ROW('Списки блоков'!$C$2:$C986)<>ROW('Списки блоков'!$C$3)),0),0)),"","Видеолаба,") &IF(ISERROR(MATCH(1,INDEX(('Списки блоков'!$D$2:$D986=B23)*(ROW('Списки блоков'!$D$2:$D986)<>ROW('Списки блоков'!$D$3)),0),0)),"","Декораторы,") &IF(ISERROR(MATCH(1,INDEX(('Списки блоков'!$E$2:$E986=B23)*(ROW('Списки блоков'!$E$2:$E986)<>ROW('Списки блоков'!$E$3)),0),0)),"","Дизайн,") &IF(ISERROR(MATCH(1,INDEX(('Списки блоков'!$F$2:$F986=B23)*(ROW('Списки блоков'!$F$2:$F986)<>ROW('Списки блоков'!$F$3)),0),0)),"","Досуг,") &IF(ISERROR(MATCH(1,INDEX(('Списки блоков'!$G$2:$G986=B23)*(ROW('Списки блоков'!$G$2:$G986)<>ROW('Списки блоков'!$G$3)),0),0)),"","Закупки,") &IF(ISERROR(MATCH(1,INDEX(('Списки блоков'!$H$2:$H986=B23)*(ROW('Списки блоков'!$H$2:$H986)<>ROW('Списки блоков'!$H$3)),0),0)),"","ИнфоБлок,") &IF(ISERROR(MATCH(1,INDEX(('Списки блоков'!$I$2:$I986=B23)*(ROW('Списки блоков'!$I$2:$I986)<>ROW('Списки блоков'!$I$3)),0),0)),"","КГ,") &IF(ISERROR(MATCH(1,INDEX(('Списки блоков'!$J$2:$J986=B23)*(ROW('Списки блоков'!$J$2:$J986)<>ROW('Списки блоков'!$J$3)),0),0)),"","МП,") &IF(ISERROR(MATCH(1,INDEX(('Списки блоков'!$K$2:$K986=B23)*(ROW('Списки блоков'!$K$2:$K986)<>ROW('Списки блоков'!$K$3)),0),0)),"","Профорги,") &IF(ISERROR(MATCH(1,INDEX(('Списки блоков'!$L$2:$L986=B23)*(ROW('Списки блоков'!$L$2:$L986)<>ROW('Списки блоков'!$L$3)),0),0)),"","Спонсоры,") &IF(ISERROR(MATCH(1,INDEX(('Списки блоков'!$M$2:$M986=B23)*(ROW('Списки блоков'!$M$2:$M986)<>ROW('Списки блоков'!$M$3)),0),0)),"","Склад,") &IF(ISERROR(MATCH(1,INDEX(('Списки блоков'!$N$2:$N986=B23)*(ROW('Списки блоков'!$N$2:$N986)<>ROW('Списки блоков'!$N$3)),0),0)),"","Сценаристы,") &IF(ISERROR(MATCH(1,INDEX(('Списки блоков'!$O$2:$O986=B23)*(ROW('Списки блоков'!$O$2:$O986)<>ROW('Списки блоков'!$O$3)),0),0)),"","Техники,") &IF(ISERROR(MATCH(1,INDEX(('Списки блоков'!$P$2:$P986=B23)*(ROW('Списки блоков'!$P$2:$P986)<>ROW('Списки блоков'!$P$3)),0),0)),"","УРС,") &IF(ISERROR(MATCH(1,INDEX(('Списки блоков'!$Q$2:$Q986=B23)*(ROW('Списки блоков'!$Q$2:$Q986)<>ROW('Списки блоков'!$Q$3)),0),0)),"","Фото,") &IF(ISERROR(MATCH(1,INDEX((#REF!=B23)*(ROW(#REF!)<>ROW(#REF!)),0),0)),"","ЭкоБлок,") &IF(ISERROR(MATCH(1,INDEX(('Списки блоков'!$R$2:$R986=B23)*(ROW('Списки блоков'!$R$2:$R986)<>ROW('Списки блоков'!$R$3)),0),0)),"","HR,") &IF(ISERROR(MATCH(1,INDEX(('Списки блоков'!$S$2:$S986=B23)*(ROW('Списки блоков'!$S$2:$S986)<>ROW('Списки блоков'!$S$3)),0),0)),"","Instagram,") &IF(ISERROR(MATCH(1,INDEX(('Списки блоков'!$T$2:$T986=B23)*(ROW('Списки блоков'!$T$2:$T986)<>ROW('Списки блоков'!$T$3)),0),0)),"","Zachёt,") &IF(ISERROR(MATCH(1,INDEX(('Списки блоков'!$U$2:$U986=B23)*(ROW('Списки блоков'!$U$2:$U986)<>ROW('Списки блоков'!$U$3)),0),0)),"","IT,") &IF(ISERROR(MATCH(1,INDEX(('Списки блоков'!$V$2:$V986=B23)*(ROW('Списки блоков'!$V$2:$V986)<>ROW('Списки блоков'!$V$3)),0),0)),"","ДК,")} -> Видеолаба,Дизайн, | F23: +79878170134 | G23: vk.com/matvec21 | H23: t.me/matvec21 | I23: glazunov.matveu.05@gmail.com | J23: Бюджет
A24: Глущенко Анна Сергеевна | B24: =LEFT(A24,FIND(CHAR(160),SUBSTITUTE(A24," ",CHAR(160),2)) - 1) -> Глущенко Анна | C24: 327 | D24: Красногвардейская | E24: {=IF(ISERROR(MATCH(1,INDEX(('Списки блоков'!$B$2:$B986=B24)*(ROW('Списки блоков'!$B$2:$B986)<>ROW('Списки блоков'!$B$3)),0),0)),"","БДНС,") &IF(ISERROR(MATCH(1,INDEX(('Списки блоков'!$C$2:$C986=B24)*(ROW('Списки блоков'!$C$2:$C986)<>ROW('Списки блоков'!$C$3)),0),0)),"","Видеолаба,") &IF(ISERROR(MATCH(1,INDEX(('Списки блоков'!$D$2:$D986=B24)*(ROW('Списки блоков'!$D$2:$D986)<>ROW('Списки блоков'!$D$3)),0),0)),"","Декораторы,") &IF(ISERROR(MATCH(1,INDEX(('Списки блоков'!$E$2:$E986=B24)*(ROW('Списки блоков'!$E$2:$E986)<>ROW('Списки блоков'!$E$3)),0),0)),"","Дизайн,") &IF(ISERROR(MATCH(1,INDEX(('Списки блоков'!$F$2:$F986=B24)*(ROW('Списки блоков'!$F$2:$F986)<>ROW('Списки блоков'!$F$3)),0),0)),"","Досуг,") &IF(ISERROR(MATCH(1,INDEX(('Списки блоков'!$G$2:$G986=B24)*(ROW('Списки блоков'!$G$2:$G986)<>ROW('Списки блоков'!$G$3)),0),0)),"","Закупки,") &IF(ISERROR(MATCH(1,INDEX(('Списки блоков'!$H$2:$H986=B24)*(ROW('Списки блоков'!$H$2:$H986)<>ROW('Списки блоков'!$H$3)),0),0)),"","ИнфоБлок,") &IF(ISERROR(MATCH(1,INDEX(('Списки блоков'!$I$2:$I986=B24)*(ROW('Списки блоков'!$I$2:$I986)<>ROW('Списки блоков'!$I$3)),0),0)),"","КГ,") &IF(ISERROR(MATCH(1,INDEX(('Списки блоков'!$J$2:$J986=B24)*(ROW('Списки блоков'!$J$2:$J986)<>ROW('Списки блоков'!$J$3)),0),0)),"","МП,") &IF(ISERROR(MATCH(1,INDEX(('Списки блоков'!$K$2:$K986=B24)*(ROW('Списки блоков'!$K$2:$K986)<>ROW('Списки блоков'!$K$3)),0),0)),"","Профорги,") &IF(ISERROR(MATCH(1,INDEX(('Списки блоков'!$L$2:$L986=B24)*(ROW('Списки блоков'!$L$2:$L986)<>ROW('Списки блоков'!$L$3)),0),0)),"","Спонсоры,") &IF(ISERROR(MATCH(1,INDEX(('Списки блоков'!$M$2:$M986=B24)*(ROW('Списки блоков'!$M$2:$M986)<>ROW('Списки блоков'!$M$3)),0),0)),"","Склад,") &IF(ISERROR(MATCH(1,INDEX(('Списки блоков'!$N$2:$N986=B24)*(ROW('Списки блоков'!$N$2:$N986)<>ROW('Списки блоков'!$N$3)),0),0)),"","Сценаристы,") &IF(ISERROR(MATCH(1,INDEX(('Списки блоков'!$O$2:$O986=B24)*(ROW('Списки блоков'!$O$2:$O986)<>ROW('Списки блоков'!$O$3)),0),0)),"","Техники,") &IF(ISERROR(MATCH(1,INDEX(('Списки блоков'!$P$2:$P986=B24)*(ROW('Списки блоков'!$P$2:$P986)<>ROW('Списки блоков'!$P$3)),0),0)),"","УРС,") &IF(ISERROR(MATCH(1,INDEX(('Списки блоков'!$Q$2:$Q986=B24)*(ROW('Списки блоков'!$Q$2:$Q986)<>ROW('Списки блоков'!$Q$3)),0),0)),"","Фото,") &IF(ISERROR(MATCH(1,INDEX((#REF!=B24)*(ROW(#REF!)<>ROW(#REF!)),0),0)),"","ЭкоБлок,") &IF(ISERROR(MATCH(1,INDEX(('Списки блоков'!$R$2:$R986=B24)*(ROW('Списки блоков'!$R$2:$R986)<>ROW('Списки блоков'!$R$3)),0),0)),"","HR,") &IF(ISERROR(MATCH(1,INDEX(('Списки блоков'!$S$2:$S986=B24)*(ROW('Списки блоков'!$S$2:$S986)<>ROW('Списки блоков'!$S$3)),0),0)),"","Instagram,") &IF(ISERROR(MATCH(1,INDEX(('Списки блоков'!$T$2:$T986=B24)*(ROW('Списки блоков'!$T$2:$T986)<>ROW('Списки блоков'!$T$3)),0),0)),"","Zachёt,") &IF(ISERROR(MATCH(1,INDEX(('Списки блоков'!$U$2:$U986=B24)*(ROW('Списки блоков'!$U$2:$U986)<>ROW('Списки блоков'!$U$3)),0),0)),"","IT,") &IF(ISERROR(MATCH(1,INDEX(('Списки блоков'!$V$2:$V986=B24)*(ROW('Списки блоков'!$V$2:$V986)<>ROW('Списки блоков'!$V$3)),0),0)),"","ДК,")} -> Дизайн,ИнфоБлок,МП, | F24: 89268906082 | G24: https://vk.com/a.glu2005 | H24: @gl_anetta | I24: annaglushchenko2005@gmail.com | J24: Бюджет
A25: Гребеньков Максим Леонидович | B25: =LEFT(A25,FIND(CHAR(160),SUBSTITUTE(A25," ",CHAR(160),2)) - 1) -> Гребеньков Максим | C25: 218 | D25: ДСЛ А726 | E25: {=IF(ISERROR(MATCH(1,INDEX(('Списки блоков'!$B$2:$B986=B25)*(ROW('Списки блоков'!$B$2:$B986)<>ROW('Списки блоков'!$B$3)),0),0)),"","БДНС,") &IF(ISERROR(MATCH(1,INDEX(('Списки блоков'!$C$2:$C986=B25)*(ROW('Списки блоков'!$C$2:$C986)<>ROW('Списки блоков'!$C$3)),0),0)),"","Видеолаба,") &IF(ISERROR(MATCH(1,INDEX(('Списки блоков'!$D$2:$D986=B25)*(ROW('Списки блоков'!$D$2:$D986)<>ROW('Списки блоков'!$D$3)),0),0)),"","Декораторы,") &IF(ISERROR(MATCH(1,INDEX(('Списки блоков'!$E$2:$E986=B25)*(ROW('Списки блоков'!$E$2:$E986)<>ROW('Списки блоков'!$E$3)),0),0)),"","Дизайн,") &IF(ISERROR(MATCH(1,INDEX(('Списки блоков'!$F$2:$F986=B25)*(ROW('Списки блоков'!$F$2:$F986)<>ROW('Списки блоков'!$F$3)),0),0)),"","Досуг,") &IF(ISERROR(MATCH(1,INDEX(('Списки блоков'!$G$2:$G986=B25)*(ROW('Списки блоков'!$G$2:$G986)<>ROW('Списки блоков'!$G$3)),0),0)),"","Закупки,") &IF(ISERROR(MATCH(1,INDEX(('Списки блоков'!$H$2:$H986=B25)*(ROW('Списки блоков'!$H$2:$H986)<>ROW('Списки блоков'!$H$3)),0),0)),"","ИнфоБлок,") &IF(ISERROR(MATCH(1,INDEX(('Списки блоков'!$I$2:$I986=B25)*(ROW('Списки блоков'!$I$2:$I986)<>ROW('Списки блоков'!$I$3)),0),0)),"","КГ,") &IF(ISERROR(MATCH(1,INDEX(('Списки блоков'!$J$2:$J986=B25)*(ROW('Списки блоков'!$J$2:$J986)<>ROW('Списки блоков'!$J$3)),0),0)),"","МП,") &IF(ISERROR(MATCH(1,INDEX(('Списки блоков'!$K$2:$K986=B25)*(ROW('Списки блоков'!$K$2:$K986)<>ROW('Списки блоков'!$K$3)),0),0)),"","Профорги,") &IF(ISERROR(MATCH(1,INDEX(('Списки блоков'!$L$2:$L986=B25)*(ROW('Списки блоков'!$L$2:$L986)<>ROW('Списки блоков'!$L$3)),0),0)),"","Спонсоры,") &IF(ISERROR(MATCH(1,INDEX(('Списки блоков'!$M$2:$M986=B25)*(ROW('Списки блоков'!$M$2:$M986)<>ROW('Списки блоков'!$M$3)),0),0)),"","Склад,") &IF(ISERROR(MATCH(1,INDEX(('Списки блоков'!$N$2:$N986=B25)*(ROW('Списки блоков'!$N$2:$N986)<>ROW('Списки блоков'!$N$3)),0),0)),"","Сценаристы,") &IF(ISERROR(MATCH(1,INDEX(('Списки блоков'!$O$2:$O986=B25)*(ROW('Списки блоков'!$O$2:$O986)<>ROW('Списки блоков'!$O$3)),0),0)),"","Техники,") &IF(ISERROR(MATCH(1,INDEX(('Списки блоков'!$P$2:$P986=B25)*(ROW('Списки блоков'!$P$2:$P986)<>ROW('Списки блоков'!$P$3)),0),0)),"","УРС,") &IF(ISERROR(MATCH(1,INDEX(('Списки блоков'!$Q$2:$Q986=B25)*(ROW('Списки блоков'!$Q$2:$Q986)<>ROW('Списки блоков'!$Q$3)),0),0)),"","Фото,") &IF(ISERROR(MATCH(1,INDEX((#REF!=B25)*(ROW(#REF!)<>ROW(#REF!)),0),0)),"","ЭкоБлок,") &IF(ISERROR(MATCH(1,INDEX(('Списки блоков'!$R$2:$R986=B25)*(ROW('Списки блоков'!$R$2:$R986)<>ROW('Списки блоков'!$R$3)),0),0)),"","HR,") &IF(ISERROR(MATCH(1,INDEX(('Списки блоков'!$S$2:$S986=B25)*(ROW('Списки блоков'!$S$2:$S986)<>ROW('Списки блоков'!$S$3)),0),0)),"","Instagram,") &IF(ISERROR(MATCH(1,INDEX(('Списки блоков'!$T$2:$T986=B25)*(ROW('Списки блоков'!$T$2:$T986)<>ROW('Списки блоков'!$T$3)),0),0)),"","Zachёt,") &IF(ISERROR(MATCH(1,INDEX(('Списки блоков'!$U$2:$U986=B25)*(ROW('Списки блоков'!$U$2:$U986)<>ROW('Списки блоков'!$U$3)),0),0)),"","IT,") &IF(ISERROR(MATCH(1,INDEX(('Списки блоков'!$V$2:$V986=B25)*(ROW('Списки блоков'!$V$2:$V986)<>ROW('Списки блоков'!$V$3)),0),0)),"","ДК,")} -> Видеолаба,Дизайн,Техники, | F25: 89379655447 | G25: https://vk.com/ownage17 | H25: @ownage17 | I25: mlgrebenkov@gmail.com | J25: Бюджет
A26: Григорьев Александр Сергеевич | B26: =LEFT(A26,FIND(CHAR(160),SUBSTITUTE(A26," ",CHAR(160),2)) - 1) -> Григорьев Александр | C26: 219 | D26: ДСЛ | E26: {=IF(ISERROR(MATCH(1,INDEX(('Списки блоков'!$B$2:$B986=B26)*(ROW('Списки блоков'!$B$2:$B986)<>ROW('Списки блоков'!$B$3)),0),0)),"","БДНС,") &IF(ISERROR(MATCH(1,INDEX(('Списки блоков'!$C$2:$C986=B26)*(ROW('Списки блоков'!$C$2:$C986)<>ROW('Списки блоков'!$C$3)),0),0)),"","Видеолаба,") &IF(ISERROR(MATCH(1,INDEX(('Списки блоков'!$D$2:$D986=B26)*(ROW('Списки блоков'!$D$2:$D986)<>ROW('Списки блоков'!$D$3)),0),0)),"","Декораторы,") &IF(ISERROR(MATCH(1,INDEX(('Списки блоков'!$E$2:$E986=B26)*(ROW('Списки блоков'!$E$2:$E986)<>ROW('Списки блоков'!$E$3)),0),0)),"","Дизайн,") &IF(ISERROR(MATCH(1,INDEX(('Списки блоков'!$F$2:$F986=B26)*(ROW('Списки блоков'!$F$2:$F986)<>ROW('Списки блоков'!$F$3)),0),0)),"","Досуг,") &IF(ISERROR(MATCH(1,INDEX(('Списки блоков'!$G$2:$G986=B26)*(ROW('Списки блоков'!$G$2:$G986)<>ROW('Списки блоков'!$G$3)),0),0)),"","Закупки,") &IF(ISERROR(MATCH(1,INDEX(('Списки блоков'!$H$2:$H986=B26)*(ROW('Списки блоков'!$H$2:$H986)<>ROW('Списки блоков'!$H$3)),0),0)),"","ИнфоБлок,") &IF(ISERROR(MATCH(1,INDEX(('Списки блоков'!$I$2:$I986=B26)*(ROW('Списки блоков'!$I$2:$I986)<>ROW('Списки блоков'!$I$3)),0),0)),"","КГ,") &IF(ISERROR(MATCH(1,INDEX(('Списки блоков'!$J$2:$J986=B26)*(ROW('Списки блоков'!$J$2:$J986)<>ROW('Списки блоков'!$J$3)),0),0)),"","МП,") &IF(ISERROR(MATCH(1,INDEX(('Списки блоков'!$K$2:$K986=B26)*(ROW('Списки блоков'!$K$2:$K986)<>ROW('Списки блоков'!$K$3)),0),0)),"","Профорги,") &IF(ISERROR(MATCH(1,INDEX(('Списки блоков'!$L$2:$L986=B26)*(ROW('Списки блоков'!$L$2:$L986)<>ROW('Списки блоков'!$L$3)),0),0)),"","Спонсоры,") &IF(ISERROR(MATCH(1,INDEX(('Списки блоков'!$M$2:$M986=B26)*(ROW('Списки блоков'!$M$2:$M986)<>ROW('Списки блоков'!$M$3)),0),0)),"","Склад,") &IF(ISERROR(MATCH(1,INDEX(('Списки блоков'!$N$2:$N986=B26)*(ROW('Списки блоков'!$N$2:$N986)<>ROW('Списки блоков'!$N$3)),0),0)),"","Сценаристы,") &IF(ISERROR(MATCH(1,INDEX(('Списки блоков'!$O$2:$O986=B26)*(ROW('Списки блоков'!$O$2:$O986)<>ROW('Списки блоков'!$O$3)),0),0)),"","Техники,") &IF(ISERROR(MATCH(1,INDEX(('Списки блоков'!$P$2:$P986=B26)*(ROW('Списки блоков'!$P$2:$P986)<>ROW('Списки блоков'!$P$3)),0),0)),"","УРС,") &IF(ISERROR(MATCH(1,INDEX(('Списки блоков'!$Q$2:$Q986=B26)*(ROW('Списки блоков'!$Q$2:$Q986)<>ROW('Списки блоков'!$Q$3)),0),0)),"","Фото,") &IF(ISERROR(MATCH(1,INDEX((#REF!=B26)*(ROW(#REF!)<>ROW(#REF!)),0),0)),"","ЭкоБлок,") &IF(ISERROR(MATCH(1,INDEX(('Списки блоков'!$R$2:$R986=B26)*(ROW('Списки блоков'!$R$2:$R986)<>ROW('Списки блоков'!$R$3)),0),0)),"","HR,") &IF(ISERROR(MATCH(1,INDEX(('Списки блоков'!$S$2:$S986=B26)*(ROW('Списки блоков'!$S$2:$S986)<>ROW('Списки блоков'!$S$3)),0),0)),"","Instagram,") &IF(ISERROR(MATCH(1,INDEX(('Списки блоков'!$T$2:$T986=B26)*(ROW('Списки блоков'!$T$2:$T986)<>ROW('Списки блоков'!$T$3)),0),0)),"","Zachёt,") &IF(ISERROR(MATCH(1,INDEX(('Списки блоков'!$U$2:$U986=B26)*(ROW('Списки блоков'!$U$2:$U986)<>ROW('Списки блоков'!$U$3)),0),0)),"","IT,") &IF(ISERROR(MATCH(1,INDEX(('Списки блоков'!$V$2:$V986=B26)*(ROW('Списки блоков'!$V$2:$V986)<>ROW('Списки блоков'!$V$3)),0),0)),"","ДК,")} -> Дизайн,Профорги,Склад,Техники,ДК, | F26: 89588214539 | G26: https://vk.com/rCronus | H26: @rCronus | I26: optimus172006@gmail.com | J26: Бюджет
A27: Гудов Дмитрий Олегович | B27: =LEFT(A27,FIND(CHAR(160),SUBSTITUTE(A27," ",CHAR(160),2)) - 1) -> Гудов Дмитрий | C27: 321 | D27: ДСЛ, Б614 | E27: {=IF(ISERROR(MATCH(1,INDEX(('Списки блоков'!$B$2:$B986=B27)*(ROW('Списки блоков'!$B$2:$B986)<>ROW('Списки блоков'!$B$3)),0),0)),"","БДНС,") &IF(ISERROR(MATCH(1,INDEX(('Списки блоков'!$C$2:$C986=B27)*(ROW('Списки блоков'!$C$2:$C986)<>ROW('Списки блоков'!$C$3)),0),0)),"","Видеолаба,") &IF(ISERROR(MATCH(1,INDEX(('Списки блоков'!$D$2:$D986=B27)*(ROW('Списки блоков'!$D$2:$D986)<>ROW('Списки блоков'!$D$3)),0),0)),"","Декораторы,") &IF(ISERROR(MATCH(1,INDEX(('Списки блоков'!$E$2:$E986=B27)*(ROW('Списки блоков'!$E$2:$E986)<>ROW('Списки блоков'!$E$3)),0),0)),"","Дизайн,") &IF(ISERROR(MATCH(1,INDEX(('Списки блоков'!$F$2:$F986=B27)*(ROW('Списки блоков'!$F$2:$F986)<>ROW('Списки блоков'!$F$3)),0),0)),"","Досуг,") &IF(ISERROR(MATCH(1,INDEX(('Списки блоков'!$G$2:$G986=B27)*(ROW('Списки блоков'!$G$2:$G986)<>ROW('Списки блоков'!$G$3)),0),0)),"","Закупки,") &IF(ISERROR(MATCH(1,INDEX(('Списки блоков'!$H$2:$H986=B27)*(ROW('Списки блоков'!$H$2:$H986)<>ROW('Списки блоков'!$H$3)),0),0)),"","ИнфоБлок,") &IF(ISERROR(MATCH(1,INDEX(('Списки блоков'!$I$2:$I986=B27)*(ROW('Списки блоков'!$I$2:$I986)<>ROW('Списки блоков'!$I$3)),0),0)),"","КГ,") &IF(ISERROR(MATCH(1,INDEX(('Списки блоков'!$J$2:$J986=B27)*(ROW('Списки блоков'!$J$2:$J986)<>ROW('Списки блоков'!$J$3)),0),0)),"","МП,") &IF(ISERROR(MATCH(1,INDEX(('Списки блоков'!$K$2:$K986=B27)*(ROW('Списки блоков'!$K$2:$K986)<>ROW('Списки блоков'!$K$3)),0),0)),"","Профорги,") &IF(ISERROR(MATCH(1,INDEX(('Списки блоков'!$L$2:$L986=B27)*(ROW('Списки блоков'!$L$2:$L986)<>ROW('Списки блоков'!$L$3)),0),0)),"","Спонсоры,") &IF(ISERROR(MATCH(1,INDEX(('Списки блоков'!$M$2:$M986=B27)*(ROW('Списки блоков'!$M$2:$M986)<>ROW('Списки блоков'!$M$3)),0),0)),"","Склад,") &IF(ISERROR(MATCH(1,INDEX(('Списки блоков'!$N$2:$N986=B27)*(ROW('Списки блоков'!$N$2:$N986)<>ROW('Списки блоков'!$N$3)),0),0)),"","Сценаристы,") &IF(ISERROR(MATCH(1,INDEX(('Списки блоков'!$O$2:$O986=B27)*(ROW('Списки блоков'!$O$2:$O986)<>ROW('Списки блоков'!$O$3)),0),0)),"","Техники,") &IF(ISERROR(MATCH(1,INDEX(('Списки блоков'!$P$2:$P986=B27)*(ROW('Списки блоков'!$P$2:$P986)<>ROW('Списки блоков'!$P$3)),0),0)),"","УРС,") &IF(ISERROR(MATCH(1,INDEX(('Списки блоков'!$Q$2:$Q986=B27)*(ROW('Списки блоков'!$Q$2:$Q986)<>ROW('Списки блоков'!$Q$3)),0),0)),"","Фото,") &IF(ISERROR(MATCH(1,INDEX((#REF!=B27)*(ROW(#REF!)<>ROW(#REF!)),0),0)),"","ЭкоБлок,") &IF(ISERROR(MATCH(1,INDEX(('Списки блоков'!$R$2:$R986=B27)*(ROW('Списки блоков'!$R$2:$R986)<>ROW('Списки блоков'!$R$3)),0),0)),"","HR,") &IF(ISERROR(MATCH(1,INDEX(('Списки блоков'!$S$2:$S986=B27)*(ROW('Списки блоков'!$S$2:$S986)<>ROW('Списки блоков'!$S$3)),0),0)),"","Instagram,") &IF(ISERROR(MATCH(1,INDEX(('Списки блоков'!$T$2:$T986=B27)*(ROW('Списки блоков'!$T$2:$T986)<>ROW('Списки блоков'!$T$3)),0),0)),"","Zachёt,") &IF(ISERROR(MATCH(1,INDEX(('Списки блоков'!$U$2:$U986=B27)*(ROW('Списки блоков'!$U$2:$U986)<>ROW('Списки блоков'!$U$3)),0),0)),"","IT,") &IF(ISERROR(MATCH(1,INDEX(('Списки блоков'!$V$2:$V986=B27)*(ROW('Списки блоков'!$V$2:$V986)<>ROW('Списки блоков'!$V$3)),0),0)),"","ДК,")} -> БДНС,Декораторы,IT, | F27: 89870738460 | G27: @gudov2015 | H27: @kr0sh_512 | I27: dimagudov2@gmail.com | J27: Бюджет
A28: Гуртовая Зоя Павловна | B28: =LEFT(A28,FIND(CHAR(160),SUBSTITUTE(A28," ",CHAR(160),2)) - 1) -> Гуртовая Зоя | C28: 215 | D28: ДСЛ | E28: {=IF(ISERROR(MATCH(1,INDEX(('Списки блоков'!$B$2:$B986=B28)*(ROW('Списки блоков'!$B$2:$B986)<>ROW('Списки блоков'!$B$3)),0),0)),"","БДНС,") &IF(ISERROR(MATCH(1,INDEX(('Списки блоков'!$C$2:$C986=B28)*(ROW('Списки блоков'!$C$2:$C986)<>ROW('Списки блоков'!$C$3)),0),0)),"","Видеолаба,") &IF(ISERROR(MATCH(1,INDEX(('Списки блоков'!$D$2:$D986=B28)*(ROW('Списки блоков'!$D$2:$D986)<>ROW('Списки блоков'!$D$3)),0),0)),"","Декораторы,") &IF(ISERROR(MATCH(1,INDEX(('Списки блоков'!$E$2:$E986=B28)*(ROW('Списки блоков'!$E$2:$E986)<>ROW('Списки блоков'!$E$3)),0),0)),"","Дизайн,") &IF(ISERROR(MATCH(1,INDEX(('Списки блоков'!$F$2:$F986=B28)*(ROW('Списки блоков'!$F$2:$F986)<>ROW('Списки блоков'!$F$3)),0),0)),"","Досуг,") &IF(ISERROR(MATCH(1,INDEX(('Списки блоков'!$G$2:$G986=B28)*(ROW('Списки блоков'!$G$2:$G986)<>ROW('Списки блоков'!$G$3)),0),0)),"","Закупки,") &IF(ISERROR(MATCH(1,INDEX(('Списки блоков'!$H$2:$H986=B28)*(ROW('Списки блоков'!$H$2:$H986)<>ROW('Списки блоков'!$H$3)),0),0)),"","ИнфоБлок,") &IF(ISERROR(MATCH(1,INDEX(('Списки блоков'!$I$2:$I986=B28)*(ROW('Списки блоков'!$I$2:$I986)<>ROW('Списки блоков'!$I$3)),0),0)),"","КГ,") &IF(ISERROR(MATCH(1,INDEX(('Списки блоков'!$J$2:$J986=B28)*(ROW('Списки блоков'!$J$2:$J986)<>ROW('Списки блоков'!$J$3)),0),0)),"","МП,") &IF(ISERROR(MATCH(1,INDEX(('Списки блоков'!$K$2:$K986=B28)*(ROW('Списки блоков'!$K$2:$K986)<>ROW('Списки блоков'!$K$3)),0),0)),"","Профорги,") &IF(ISERROR(MATCH(1,INDEX(('Списки блоков'!$L$2:$L986=B28)*(ROW('Списки блоков'!$L$2:$L986)<>ROW('Списки блоков'!$L$3)),0),0)),"","Спонсоры,") &IF(ISERROR(MATCH(1,INDEX(('Списки блоков'!$M$2:$M986=B28)*(ROW('Списки блоков'!$M$2:$M986)<>ROW('Списки блоков'!$M$3)),0),0)),"","Склад,") &IF(ISERROR(MATCH(1,INDEX(('Списки блоков'!$N$2:$N986=B28)*(ROW('Списки блоков'!$N$2:$N986)<>ROW('Списки блоков'!$N$3)),0),0)),"","Сценаристы,") &IF(ISERROR(MATCH(1,INDEX(('Списки блоков'!$O$2:$O986=B28)*(ROW('Списки блоков'!$O$2:$O986)<>ROW('Списки блоков'!$O$3)),0),0)),"","Техники,") &IF(ISERROR(MATCH(1,INDEX(('Списки блоков'!$P$2:$P986=B28)*(ROW('Списки блоков'!$P$2:$P986)<>ROW('Списки блоков'!$P$3)),0),0)),"","УРС,") &IF(ISERROR(MATCH(1,INDEX(('Списки блоков'!$Q$2:$Q986=B28)*(ROW('Списки блоков'!$Q$2:$Q986)<>ROW('Списки блоков'!$Q$3)),0),0)),"","Фото,") &IF(ISERROR(MATCH(1,INDEX((#REF!=B28)*(ROW(#REF!)<>ROW(#REF!)),0),0)),"","ЭкоБлок,") &IF(ISERROR(MATCH(1,INDEX(('Списки блоков'!$R$2:$R986=B28)*(ROW('Списки блоков'!$R$2:$R986)<>ROW('Списки блоков'!$R$3)),0),0)),"","HR,") &IF(ISERROR(MATCH(1,INDEX(('Списки блоков'!$S$2:$S986=B28)*(ROW('Списки блоков'!$S$2:$S986)<>ROW('Списки блоков'!$S$3)),0),0)),"","Instagram,") &IF(ISERROR(MATCH(1,INDEX(('Списки блоков'!$T$2:$T986=B28)*(ROW('Списки блоков'!$T$2:$T986)<>ROW('Списки блоков'!$T$3)),0),0)),"","Zachёt,") &IF(ISERROR(MATCH(1,INDEX(('Списки блоков'!$U$2:$U986=B28)*(ROW('Списки блоков'!$U$2:$U986)<>ROW('Списки блоков'!$U$3)),0),0)),"","IT,") &IF(ISERROR(MATCH(1,INDEX(('Списки блоков'!$V$2:$V986=B28)*(ROW('Списки блоков'!$V$2:$V986)<>ROW('Списки блоков'!$V$3)),0),0)),"","ДК,")} -> БДНС,Дизайн,Спонсоры,ДК, | F28: 89206665032 | G28: https://vk.com/zoyagurtovaya | H28: Zoykka | I28: zoagurtovaa10@gmail.com | J28: Бюджет
A29: Денисов Егор Александрович | B29: =LEFT(A29,FIND(CHAR(160),SUBSTITUTE(A29," ",CHAR(160),2)) - 1) -> Денисов Егор | C29: 417 | D29: ГЗ МГУ | E29: {=IF(ISERROR(MATCH(1,INDEX(('Списки блоков'!$B$2:$B986=B29)*(ROW('Списки блоков'!$B$2:$B986)<>ROW('Списки блоков'!$B$3)),0),0)),"","БДНС,") &IF(ISERROR(MATCH(1,INDEX(('Списки блоков'!$C$2:$C986=B29)*(ROW('Списки блоков'!$C$2:$C986)<>ROW('Списки блоков'!$C$3)),0),0)),"","Видеолаба,") &IF(ISERROR(MATCH(1,INDEX(('Списки блоков'!$D$2:$D986=B29)*(ROW('Списки блоков'!$D$2:$D986)<>ROW('Списки блоков'!$D$3)),0),0)),"","Декораторы,") &IF(ISERROR(MATCH(1,INDEX(('Списки блоков'!$E$2:$E986=B29)*(ROW('Списки блоков'!$E$2:$E986)<>ROW('Списки блоков'!$E$3)),0),0)),"","Дизайн,") &IF(ISERROR(MATCH(1,INDEX(('Списки блоков'!$F$2:$F986=B29)*(ROW('Списки блоков'!$F$2:$F986)<>ROW('Списки блоков'!$F$3)),0),0)),"","Досуг,") &IF(ISERROR(MATCH(1,INDEX(('Списки блоков'!$G$2:$G986=B29)*(ROW('Списки блоков'!$G$2:$G986)<>ROW('Списки блоков'!$G$3)),0),0)),"","Закупки,") &IF(ISERROR(MATCH(1,INDEX(('Списки блоков'!$H$2:$H986=B29)*(ROW('Списки блоков'!$H$2:$H986)<>ROW('Списки блоков'!$H$3)),0),0)),"","ИнфоБлок,") &IF(ISERROR(MATCH(1,INDEX(('Списки блоков'!$I$2:$I986=B29)*(ROW('Списки блоков'!$I$2:$I986)<>ROW('Списки блоков'!$I$3)),0),0)),"","КГ,") &IF(ISERROR(MATCH(1,INDEX(('Списки блоков'!$J$2:$J986=B29)*(ROW('Списки блоков'!$J$2:$J986)<>ROW('Списки блоков'!$J$3)),0),0)),"","МП,") &IF(ISERROR(MATCH(1,INDEX(('Списки блоков'!$K$2:$K986=B29)*(ROW('Списки блоков'!$K$2:$K986)<>ROW('Списки блоков'!$K$3)),0),0)),"","Профорги,") &IF(ISERROR(MATCH(1,INDEX(('Списки блоков'!$L$2:$L986=B29)*(ROW('Списки блоков'!$L$2:$L986)<>ROW('Списки блоков'!$L$3)),0),0)),"","Спонсоры,") &IF(ISERROR(MATCH(1,INDEX(('Списки блоков'!$M$2:$M986=B29)*(ROW('Списки блоков'!$M$2:$M986)<>ROW('Списки блоков'!$M$3)),0),0)),"","Склад,") &IF(ISERROR(MATCH(1,INDEX(('Списки блоков'!$N$2:$N986=B29)*(ROW('Списки блоков'!$N$2:$N986)<>ROW('Списки блоков'!$N$3)),0),0)),"","Сценаристы,") &IF(ISERROR(MATCH(1,INDEX(('Списки блоков'!$O$2:$O986=B29)*(ROW('Списки блоков'!$O$2:$O986)<>ROW('Списки блоков'!$O$3)),0),0)),"","Техники,") &IF(ISERROR(MATCH(1,INDEX(('Списки блоков'!$P$2:$P986=B29)*(ROW('Списки блоков'!$P$2:$P986)<>ROW('Списки блоков'!$P$3)),0),0)),"","УРС,") &IF(ISERROR(MATCH(1,INDEX(('Списки блоков'!$Q$2:$Q986=B29)*(ROW('Списки блоков'!$Q$2:$Q986)<>ROW('Списки блоков'!$Q$3)),0),0)),"","Фото,") &IF(ISERROR(MATCH(1,INDEX((#REF!=B29)*(ROW(#REF!)<>ROW(#REF!)),0),0)),"","ЭкоБлок,") &IF(ISERROR(MATCH(1,INDEX(('Списки блоков'!$R$2:$R986=B29)*(ROW('Списки блоков'!$R$2:$R986)<>ROW('Списки блоков'!$R$3)),0),0)),"","HR,") &IF(ISERROR(MATCH(1,INDEX(('Списки блоков'!$S$2:$S986=B29)*(ROW('Списки блоков'!$S$2:$S986)<>ROW('Списки блоков'!$S$3)),0),0)),"","Instagram,") &IF(ISERROR(MATCH(1,INDEX(('Списки блоков'!$T$2:$T986=B29)*(ROW('Списки блоков'!$T$2:$T986)<>ROW('Списки блоков'!$T$3)),0),0)),"","Zachёt,") &IF(ISERROR(MATCH(1,INDEX(('Списки блоков'!$U$2:$U986=B29)*(ROW('Списки блоков'!$U$2:$U986)<>ROW('Списки блоков'!$U$3)),0),0)),"","IT,") &IF(ISERROR(MATCH(1,INDEX(('Списки блоков'!$V$2:$V986=B29)*(ROW('Списки блоков'!$V$2:$V986)<>ROW('Списки блоков'!$V$3)),0),0)),"","ДК,")} -> БДНС,УРС, | F29: 89139782656 | G29: https://vk.com/i_d0nt_care_at_all | H29: @n0_fucking_way | I29: eadenisoff@gmail.com | J29: Бюджет
A30: Джиоев Владимир Аланович | B30: =LEFT(A30,FIND(CHAR(160),SUBSTITUTE(A30," ",CHAR(160),2)) - 1) -> Джиоев Владимир | C30: 118 | D30: Метро Новые Черемушки | E30: {=IF(ISERROR(MATCH(1,INDEX(('Списки блоков'!$B$2:$B986=B30)*(ROW('Списки блоков'!$B$2:$B986)<>ROW('Списки блоков'!$B$3)),0),0)),"","БДНС,") &IF(ISERROR(MATCH(1,INDEX(('Списки блоков'!$C$2:$C986=B30)*(ROW('Списки блоков'!$C$2:$C986)<>ROW('Списки блоков'!$C$3)),0),0)),"","Видеолаба,") &IF(ISERROR(MATCH(1,INDEX(('Списки блоков'!$D$2:$D986=B30)*(ROW('Списки блоков'!$D$2:$D986)<>ROW('Списки блоков'!$D$3)),0),0)),"","Декораторы,") &IF(ISERROR(MATCH(1,INDEX(('Списки блоков'!$E$2:$E986=B30)*(ROW('Списки блоков'!$E$2:$E986)<>ROW('Списки блоков'!$E$3)),0),0)),"","Дизайн,") &IF(ISERROR(MATCH(1,INDEX(('Списки блоков'!$F$2:$F986=B30)*(ROW('Списки блоков'!$F$2:$F986)<>ROW('Списки блоков'!$F$3)),0),0)),"","Досуг,") &IF(ISERROR(MATCH(1,INDEX(('Списки блоков'!$G$2:$G986=B30)*(ROW('Списки блоков'!$G$2:$G986)<>ROW('Списки блоков'!$G$3)),0),0)),"","Закупки,") &IF(ISERROR(MATCH(1,INDEX(('Списки блоков'!$H$2:$H986=B30)*(ROW('Списки блоков'!$H$2:$H986)<>ROW('Списки блоков'!$H$3)),0),0)),"","ИнфоБлок,") &IF(ISERROR(MATCH(1,INDEX(('Списки блоков'!$I$2:$I986=B30)*(ROW('Списки блоков'!$I$2:$I986)<>ROW('Списки блоков'!$I$3)),0),0)),"","КГ,") &IF(ISERROR(MATCH(1,INDEX(('Списки блоков'!$J$2:$J986=B30)*(ROW('Списки блоков'!$J$2:$J986)<>ROW('Списки блоков'!$J$3)),0),0)),"","МП,") &IF(ISERROR(MATCH(1,INDEX(('Списки блоков'!$K$2:$K986=B30)*(ROW('Списки блоков'!$K$2:$K986)<>ROW('Списки блоков'!$K$3)),0),0)),"","Профорги,") &IF(ISERROR(MATCH(1,INDEX(('Списки блоков'!$L$2:$L986=B30)*(ROW('Списки блоков'!$L$2:$L986)<>ROW('Списки блоков'!$L$3)),0),0)),"","Спонсоры,") &IF(ISERROR(MATCH(1,INDEX(('Списки блоков'!$M$2:$M986=B30)*(ROW('Списки блоков'!$M$2:$M986)<>ROW('Списки блоков'!$M$3)),0),0)),"","Склад,") &IF(ISERROR(MATCH(1,INDEX(('Списки блоков'!$N$2:$N986=B30)*(ROW('Списки блоков'!$N$2:$N986)<>ROW('Списки блоков'!$N$3)),0),0)),"","Сценаристы,") &IF(ISERROR(MATCH(1,INDEX(('Списки блоков'!$O$2:$O986=B30)*(ROW('Списки блоков'!$O$2:$O986)<>ROW('Списки блоков'!$O$3)),0),0)),"","Техники,") &IF(ISERROR(MATCH(1,INDEX(('Списки блоков'!$P$2:$P986=B30)*(ROW('Списки блоков'!$P$2:$P986)<>ROW('Списки блоков'!$P$3)),0),0)),"","УРС,") &IF(ISERROR(MATCH(1,INDEX(('Списки блоков'!$Q$2:$Q986=B30)*(ROW('Списки блоков'!$Q$2:$Q986)<>ROW('Списки блоков'!$Q$3)),0),0)),"","Фото,") &IF(ISERROR(MATCH(1,INDEX((#REF!=B30)*(ROW(#REF!)<>ROW(#REF!)),0),0)),"","ЭкоБлок,") &IF(ISERROR(MATCH(1,INDEX(('Списки блоков'!$R$2:$R986=B30)*(ROW('Списки блоков'!$R$2:$R986)<>ROW('Списки блоков'!$R$3)),0),0)),"","HR,") &IF(ISERROR(MATCH(1,INDEX(('Списки блоков'!$S$2:$S986=B30)*(ROW('Списки блоков'!$S$2:$S986)<>ROW('Списки блоков'!$S$3)),0),0)),"","Instagram,") &IF(ISERROR(MATCH(1,INDEX(('Списки блоков'!$T$2:$T986=B30)*(ROW('Списки блоков'!$T$2:$T986)<>ROW('Списки блоков'!$T$3)),0),0)),"","Zachёt,") &IF(ISERROR(MATCH(1,INDEX(('Списки блоков'!$U$2:$U986=B30)*(ROW('Списки блоков'!$U$2:$U986)<>ROW('Списки блоков'!$U$3)),0),0)),"","IT,") &IF(ISERROR(MATCH(1,INDEX(('Списки блоков'!$V$2:$V986=B30)*(ROW('Списки блоков'!$V$2:$V986)<>ROW('Списки блоков'!$V$3)),0),0)),"","ДК,")} -> Видеолаба,Спонсоры,ДК, | F30: 89165823120 | G30: https://vk.com/vovagramm | H30: @djioty | I30: vova.gioev566@gmail.com, а так основная почта i@vvgrmm.ru | J30: Бюджет
A31: Диденко София Максимовна | B31: =LEFT(A31,FIND(CHAR(160),SUBSTITUTE(A31," ",CHAR(160),2)) - 1) -> Диденко София | C31: 530 | D31: Селигерская | E31: {=IF(ISERROR(MATCH(1,INDEX(('Списки блоков'!$B$2:$B986=B31)*(ROW('Списки блоков'!$B$2:$B986)<>ROW('Списки блоков'!$B$3)),0),0)),"","БДНС,") &IF(ISERROR(MATCH(1,INDEX(('Списки блоков'!$C$2:$C986=B31)*(ROW('Списки блоков'!$C$2:$C986)<>ROW('Списки блоков'!$C$3)),0),0)),"","Видеолаба,") &IF(ISERROR(MATCH(1,INDEX(('Списки блоков'!$D$2:$D986=B31)*(ROW('Списки блоков'!$D$2:$D986)<>ROW('Списки блоков'!$D$3)),0),0)),"","Декораторы,") &IF(ISERROR(MATCH(1,INDEX(('Списки блоков'!$E$2:$E986=B31)*(ROW('Списки блоков'!$E$2:$E986)<>ROW('Списки блоков'!$E$3)),0),0)),"","Дизайн,") &IF(ISERROR(MATCH(1,INDEX(('Списки блоков'!$F$2:$F986=B31)*(ROW('Списки блоков'!$F$2:$F986)<>ROW('Списки блоков'!$F$3)),0),0)),"","Досуг,") &IF(ISERROR(MATCH(1,INDEX(('Списки блоков'!$G$2:$G986=B31)*(ROW('Списки блоков'!$G$2:$G986)<>ROW('Списки блоков'!$G$3)),0),0)),"","Закупки,") &IF(ISERROR(MATCH(1,INDEX(('Списки блоков'!$H$2:$H986=B31)*(ROW('Списки блоков'!$H$2:$H986)<>ROW('Списки блоков'!$H$3)),0),0)),"","ИнфоБлок,") &IF(ISERROR(MATCH(1,INDEX(('Списки блоков'!$I$2:$I986=B31)*(ROW('Списки блоков'!$I$2:$I986)<>ROW('Списки блоков'!$I$3)),0),0)),"","КГ,") &IF(ISERROR(MATCH(1,INDEX(('Списки блоков'!$J$2:$J986=B31)*(ROW('Списки блоков'!$J$2:$J986)<>ROW('Списки блоков'!$J$3)),0),0)),"","МП,") &IF(ISERROR(MATCH(1,INDEX(('Списки блоков'!$K$2:$K986=B31)*(ROW('Списки блоков'!$K$2:$K986)<>ROW('Списки блоков'!$K$3)),0),0)),"","Профорги,") &IF(ISERROR(MATCH(1,INDEX(('Списки блоков'!$L$2:$L986=B31)*(ROW('Списки блоков'!$L$2:$L986)<>ROW('Списки блоков'!$L$3)),0),0)),"","Спонсоры,") &IF(ISERROR(MATCH(1,INDEX(('Списки блоков'!$M$2:$M986=B31)*(ROW('Списки блоков'!$M$2:$M986)<>ROW('Списки блоков'!$M$3)),0),0)),"","Склад,") &IF(ISERROR(MATCH(1,INDEX(('Списки блоков'!$N$2:$N986=B31)*(ROW('Списки блоков'!$N$2:$N986)<>ROW('Списки блоков'!$N$3)),0),0)),"","Сценаристы,") &IF(ISERROR(MATCH(1,INDEX(('Списки блоков'!$O$2:$O986=B31)*(ROW('Списки блоков'!$O$2:$O986)<>ROW('Списки блоков'!$O$3)),0),0)),"","Техники,") &IF(ISERROR(MATCH(1,INDEX(('Списки блоков'!$P$2:$P986=B31)*(ROW('Списки блоков'!$P$2:$P986)<>ROW('Списки блоков'!$P$3)),0),0)),"","УРС,") &IF(ISERROR(MATCH(1,INDEX(('Списки блоков'!$Q$2:$Q986=B31)*(ROW('Списки блоков'!$Q$2:$Q986)<>ROW('Списки блоков'!$Q$3)),0),0)),"","Фото,") &IF(ISERROR(MATCH(1,INDEX((#REF!=B31)*(ROW(#REF!)<>ROW(#REF!)),0),0)),"","ЭкоБлок,") &IF(ISERROR(MATCH(1,INDEX(('Списки блоков'!$R$2:$R986=B31)*(ROW('Списки блоков'!$R$2:$R986)<>ROW('Списки блоков'!$R$3)),0),0)),"","HR,") &IF(ISERROR(MATCH(1,INDEX(('Списки блоков'!$S$2:$S986=B31)*(ROW('Списки блоков'!$S$2:$S986)<>ROW('Списки блоков'!$S$3)),0),0)),"","Instagram,") &IF(ISERROR(MATCH(1,INDEX(('Списки блоков'!$T$2:$T986=B31)*(ROW('Списки блоков'!$T$2:$T986)<>ROW('Списки блоков'!$T$3)),0),0)),"","Zachёt,") &IF(ISERROR(MATCH(1,INDEX(('Списки блоков'!$U$2:$U986=B31)*(ROW('Списки блоков'!$U$2:$U986)<>ROW('Списки блоков'!$U$3)),0),0)),"","IT,") &IF(ISERROR(MATCH(1,INDEX(('Списки блоков'!$V$2:$V986=B31)*(ROW('Списки блоков'!$V$2:$V986)<>ROW('Списки блоков'!$V$3)),0),0)),"","ДК,")} -> HR, | F31: 89152796640 | G31: @lommelykt | H31: @Microhylidae | I31: sofochkadi@gmail.com | J31: Бюджет
A32: Древаль Ксения Евгеньевна | B32: =LEFT(A32,FIND(CHAR(160),SUBSTITUTE(A32," ",CHAR(160),2)) - 1) -> Древаль Ксения | C32: 218 | D32: Метро Пионерская или Славянский бульвар | E32: {=IF(ISERROR(MATCH(1,INDEX(('Списки блоков'!$B$2:$B986=B32)*(ROW('Списки блоков'!$B$2:$B986)<>ROW('Списки блоков'!$B$3)),0),0)),"","БДНС,") &IF(ISERROR(MATCH(1,INDEX(('Списки блоков'!$C$2:$C986=B32)*(ROW('Списки блоков'!$C$2:$C986)<>ROW('Списки блоков'!$C$3)),0),0)),"","Видеолаба,") &IF(ISERROR(MATCH(1,INDEX(('Списки блоков'!$D$2:$D986=B32)*(ROW('Списки блоков'!$D$2:$D986)<>ROW('Списки блоков'!$D$3)),0),0)),"","Декораторы,") &IF(ISERROR(MATCH(1,INDEX(('Списки блоков'!$E$2:$E986=B32)*(ROW('Списки блоков'!$E$2:$E986)<>ROW('Списки блоков'!$E$3)),0),0)),"","Дизайн,") &IF(ISERROR(MATCH(1,INDEX(('Списки блоков'!$F$2:$F986=B32)*(ROW('Списки блоков'!$F$2:$F986)<>ROW('Списки блоков'!$F$3)),0),0)),"","Досуг,") &IF(ISERROR(MATCH(1,INDEX(('Списки блоков'!$G$2:$G986=B32)*(ROW('Списки блоков'!$G$2:$G986)<>ROW('Списки блоков'!$G$3)),0),0)),"","Закупки,") &IF(ISERROR(MATCH(1,INDEX(('Списки блоков'!$H$2:$H986=B32)*(ROW('Списки блоков'!$H$2:$H986)<>ROW('Списки блоков'!$H$3)),0),0)),"","ИнфоБлок,") &IF(ISERROR(MATCH(1,INDEX(('Списки блоков'!$I$2:$I986=B32)*(ROW('Списки блоков'!$I$2:$I986)<>ROW('Списки блоков'!$I$3)),0),0)),"","КГ,") &IF(ISERROR(MATCH(1,INDEX(('Списки блоков'!$J$2:$J986=B32)*(ROW('Списки блоков'!$J$2:$J986)<>ROW('Списки блоков'!$J$3)),0),0)),"","МП,") &IF(ISERROR(MATCH(1,INDEX(('Списки блоков'!$K$2:$K986=B32)*(ROW('Списки блоков'!$K$2:$K986)<>ROW('Списки блоков'!$K$3)),0),0)),"","Профорги,") &IF(ISERROR(MATCH(1,INDEX(('Списки блоков'!$L$2:$L986=B32)*(ROW('Списки блоков'!$L$2:$L986)<>ROW('Списки блоков'!$L$3)),0),0)),"","Спонсоры,") &IF(ISERROR(MATCH(1,INDEX(('Списки блоков'!$M$2:$M986=B32)*(ROW('Списки блоков'!$M$2:$M986)<>ROW('Списки блоков'!$M$3)),0),0)),"","Склад,") &IF(ISERROR(MATCH(1,INDEX(('Списки блоков'!$N$2:$N986=B32)*(ROW('Списки блоков'!$N$2:$N986)<>ROW('Списки блоков'!$N$3)),0),0)),"","Сценаристы,") &IF(ISERROR(MATCH(1,INDEX(('Списки блоков'!$O$2:$O986=B32)*(ROW('Списки блоков'!$O$2:$O986)<>ROW('Списки блоков'!$O$3)),0),0)),"","Техники,") &IF(ISERROR(MATCH(1,INDEX(('Списки блоков'!$P$2:$P986=B32)*(ROW('Списки блоков'!$P$2:$P986)<>ROW('Списки блоков'!$P$3)),0),0)),"","УРС,") &IF(ISERROR(MATCH(1,INDEX(('Списки блоков'!$Q$2:$Q986=B32)*(ROW('Списки блоков'!$Q$2:$Q986)<>ROW('Списки блоков'!$Q$3)),0),0)),"","Фото,") &IF(ISERROR(MATCH(1,INDEX((#REF!=B32)*(ROW(#REF!)<>ROW(#REF!)),0),0)),"","ЭкоБлок,") &IF(ISERROR(MATCH(1,INDEX(('Списки блоков'!$R$2:$R986=B32)*(ROW('Списки блоков'!$R$2:$R986)<>ROW('Списки блоков'!$R$3)),0),0)),"","HR,") &IF(ISERROR(MATCH(1,INDEX(('Списки блоков'!$S$2:$S986=B32)*(ROW('Списки блоков'!$S$2:$S986)<>ROW('Списки блоков'!$S$3)),0),0)),"","Instagram,") &IF(ISERROR(MATCH(1,INDEX(('Списки блоков'!$T$2:$T986=B32)*(ROW('Списки блоков'!$T$2:$T986)<>ROW('Списки блоков'!$T$3)),0),0)),"","Zachёt,") &IF(ISERROR(MATCH(1,INDEX(('Списки блоков'!$U$2:$U986=B32)*(ROW('Списки блоков'!$U$2:$U986)<>ROW('Списки блоков'!$U$3)),0),0)),"","IT,") &IF(ISERROR(MATCH(1,INDEX(('Списки блоков'!$V$2:$V986=B32)*(ROW('Списки блоков'!$V$2:$V986)<>ROW('Списки блоков'!$V$3)),0),0)),"","ДК,")} -> Декораторы,Дизайн,Сценаристы, | F32: 89167109833 | G32: https://vk.com/inochinikirawareteiru | H32: t.me/not_ksesha | I32: ksu.dreval@gmail.com | J32: Контракт
A33: Елесин Евгений Валерьевич | B33: =LEFT(A33,FIND(CHAR(160),SUBSTITUTE(A33," ",CHAR(160),2)) - 1) -> Елесин Евгений | C33: 108 | D33: Нагатинская | E33: {=IF(ISERROR(MATCH(1,INDEX(('Списки блоков'!$B$2:$B986=B33)*(ROW('Списки блоков'!$B$2:$B986)<>ROW('Списки блоков'!$B$3)),0),0)),"","БДНС,") &IF(ISERROR(MATCH(1,INDEX(('Списки блоков'!$C$2:$C986=B33)*(ROW('Списки блоков'!$C$2:$C986)<>ROW('Списки блоков'!$C$3)),0),0)),"","Видеолаба,") &IF(ISERROR(MATCH(1,INDEX(('Списки блоков'!$D$2:$D986=B33)*(ROW('Списки блоков'!$D$2:$D986)<>ROW('Списки блоков'!$D$3)),0),0)),"","Декораторы,") &IF(ISERROR(MATCH(1,INDEX(('Списки блоков'!$E$2:$E986=B33)*(ROW('Списки блоков'!$E$2:$E986)<>ROW('Списки блоков'!$E$3)),0),0)),"","Дизайн,") &IF(ISERROR(MATCH(1,INDEX(('Списки блоков'!$F$2:$F986=B33)*(ROW('Списки блоков'!$F$2:$F986)<>ROW('Списки блоков'!$F$3)),0),0)),"","Досуг,") &IF(ISERROR(MATCH(1,INDEX(('Списки блоков'!$G$2:$G986=B33)*(ROW('Списки блоков'!$G$2:$G986)<>ROW('Списки блоков'!$G$3)),0),0)),"","Закупки,") &IF(ISERROR(MATCH(1,INDEX(('Списки блоков'!$H$2:$H986=B33)*(ROW('Списки блоков'!$H$2:$H986)<>ROW('Списки блоков'!$H$3)),0),0)),"","ИнфоБлок,") &IF(ISERROR(MATCH(1,INDEX(('Списки блоков'!$I$2:$I986=B33)*(ROW('Списки блоков'!$I$2:$I986)<>ROW('Списки блоков'!$I$3)),0),0)),"","КГ,") &IF(ISERROR(MATCH(1,INDEX(('Списки блоков'!$J$2:$J986=B33)*(ROW('Списки блоков'!$J$2:$J986)<>ROW('Списки блоков'!$J$3)),0),0)),"","МП,") &IF(ISERROR(MATCH(1,INDEX(('Списки блоков'!$K$2:$K986=B33)*(ROW('Списки блоков'!$K$2:$K986)<>ROW('Списки блоков'!$K$3)),0),0)),"","Профорги,") &IF(ISERROR(MATCH(1,INDEX(('Списки блоков'!$L$2:$L986=B33)*(ROW('Списки блоков'!$L$2:$L986)<>ROW('Списки блоков'!$L$3)),0),0)),"","Спонсоры,") &IF(ISERROR(MATCH(1,INDEX(('Списки блоков'!$M$2:$M986=B33)*(ROW('Списки блоков'!$M$2:$M986)<>ROW('Списки блоков'!$M$3)),0),0)),"","Склад,") &IF(ISERROR(MATCH(1,INDEX(('Списки блоков'!$N$2:$N986=B33)*(ROW('Списки блоков'!$N$2:$N986)<>ROW('Списки блоков'!$N$3)),0),0)),"","Сценаристы,") &IF(ISERROR(MATCH(1,INDEX(('Списки блоков'!$O$2:$O986=B33)*(ROW('Списки блоков'!$O$2:$O986)<>ROW('Списки блоков'!$O$3)),0),0)),"","Техники,") &IF(ISERROR(MATCH(1,INDEX(('Списки блоков'!$P$2:$P986=B33)*(ROW('Списки блоков'!$P$2:$P986)<>ROW('Списки блоков'!$P$3)),0),0)),"","УРС,") &IF(ISERROR(MATCH(1,INDEX(('Списки блоков'!$Q$2:$Q986=B33)*(ROW('Списки блоков'!$Q$2:$Q986)<>ROW('Списки блоков'!$Q$3)),0),0)),"","Фото,") &IF(ISERROR(MATCH(1,INDEX((#REF!=B33)*(ROW(#REF!)<>ROW(#REF!)),0),0)),"","ЭкоБлок,") &IF(ISERROR(MATCH(1,INDEX(('Списки блоков'!$R$2:$R986=B33)*(ROW('Списки блоков'!$R$2:$R986)<>ROW('Списки блоков'!$R$3)),0),0)),"","HR,") &IF(ISERROR(MATCH(1,INDEX(('Списки блоков'!$S$2:$S986=B33)*(ROW('Списки блоков'!$S$2:$S986)<>ROW('Списки блоков'!$S$3)),0),0)),"","Instagram,") &IF(ISERROR(MATCH(1,INDEX(('Списки блоков'!$T$2:$T986=B33)*(ROW('Списки блоков'!$T$2:$T986)<>ROW('Списки блоков'!$T$3)),0),0)),"","Zachёt,") &IF(ISERROR(MATCH(1,INDEX(('Списки блоков'!$U$2:$U986=B33)*(ROW('Списки блоков'!$U$2:$U986)<>ROW('Списки блоков'!$U$3)),0),0)),"","IT,") &IF(ISERROR(MATCH(1,INDEX(('Списки блоков'!$V$2:$V986=B33)*(ROW('Списки блоков'!$V$2:$V986)<>ROW('Списки блоков'!$V$3)),0),0)),"","ДК,")} -> Сценаристы,IT, | F33: 89653722600 | G33: https://m.vk.com/evgen.elesin | H33: @elesin_e | I33: elesin.ev | J33: Бюджет
A34: Ефремова Ирина Дмитриевна | B34: =LEFT(A34,FIND(CHAR(160),SUBSTITUTE(A34," ",CHAR(160),2)) - 1) -> Ефремова Ирина | C34: 405 | D34: мцд Химки | E34: {=IF(ISERROR(MATCH(1,INDEX(('Списки блоков'!$B$2:$B986=B34)*(ROW('Списки блоков'!$B$2:$B986)<>ROW('Списки блоков'!$B$3)),0),0)),"","БДНС,") &IF(ISERROR(MATCH(1,INDEX(('Списки блоков'!$C$2:$C986=B34)*(ROW('Списки блоков'!$C$2:$C986)<>ROW('Списки блоков'!$C$3)),0),0)),"","Видеолаба,") &IF(ISERROR(MATCH(1,INDEX(('Списки блоков'!$D$2:$D986=B34)*(ROW('Списки блоков'!$D$2:$D986)<>ROW('Списки блоков'!$D$3)),0),0)),"","Декораторы,") &IF(ISERROR(MATCH(1,INDEX(('Списки блоков'!$E$2:$E986=B34)*(ROW('Списки блоков'!$E$2:$E986)<>ROW('Списки блоков'!$E$3)),0),0)),"","Дизайн,") &IF(ISERROR(MATCH(1,INDEX(('Списки блоков'!$F$2:$F986=B34)*(ROW('Списки блоков'!$F$2:$F986)<>ROW('Списки блоков'!$F$3)),0),0)),"","Досуг,") &IF(ISERROR(MATCH(1,INDEX(('Списки блоков'!$G$2:$G986=B34)*(ROW('Списки блоков'!$G$2:$G986)<>ROW('Списки блоков'!$G$3)),0),0)),"","Закупки,") &IF(ISERROR(MATCH(1,INDEX(('Списки блоков'!$H$2:$H986=B34)*(ROW('Списки блоков'!$H$2:$H986)<>ROW('Списки блоков'!$H$3)),0),0)),"","ИнфоБлок,") &IF(ISERROR(MATCH(1,INDEX(('Списки блоков'!$I$2:$I986=B34)*(ROW('Списки блоков'!$I$2:$I986)<>ROW('Списки блоков'!$I$3)),0),0)),"","КГ,") &IF(ISERROR(MATCH(1,INDEX(('Списки блоков'!$J$2:$J986=B34)*(ROW('Списки блоков'!$J$2:$J986)<>ROW('Списки блоков'!$J$3)),0),0)),"","МП,") &IF(ISERROR(MATCH(1,INDEX(('Списки блоков'!$K$2:$K986=B34)*(ROW('Списки блоков'!$K$2:$K986)<>ROW('Списки блоков'!$K$3)),0),0)),"","Профорги,") &IF(ISERROR(MATCH(1,INDEX(('Списки блоков'!$L$2:$L986=B34)*(ROW('Списки блоков'!$L$2:$L986)<>ROW('Списки блоков'!$L$3)),0),0)),"","Спонсоры,") &IF(ISERROR(MATCH(1,INDEX(('Списки блоков'!$M$2:$M986=B34)*(ROW('Списки блоков'!$M$2:$M986)<>ROW('Списки блоков'!$M$3)),0),0)),"","Склад,") &IF(ISERROR(MATCH(1,INDEX(('Списки блоков'!$N$2:$N986=B34)*(ROW('Списки блоков'!$N$2:$N986)<>ROW('Списки блоков'!$N$3)),0),0)),"","Сценаристы,") &IF(ISERROR(MATCH(1,INDEX(('Списки блоков'!$O$2:$O986=B34)*(ROW('Списки блоков'!$O$2:$O986)<>ROW('Списки блоков'!$O$3)),0),0)),"","Техники,") &IF(ISERROR(MATCH(1,INDEX(('Списки блоков'!$P$2:$P986=B34)*(ROW('Списки блоков'!$P$2:$P986)<>ROW('Списки блоков'!$P$3)),0),0)),"","УРС,") &IF(ISERROR(MATCH(1,INDEX(('Списки блоков'!$Q$2:$Q986=B34)*(ROW('Списки блоков'!$Q$2:$Q986)<>ROW('Списки блоков'!$Q$3)),0),0)),"","Фото,") &IF(ISERROR(MATCH(1,INDEX((#REF!=B34)*(ROW(#REF!)<>ROW(#REF!)),0),0)),"","ЭкоБлок,") &IF(ISERROR(MATCH(1,INDEX(('Списки блоков'!$R$2:$R986=B34)*(ROW('Списки блоков'!$R$2:$R986)<>ROW('Списки блоков'!$R$3)),0),0)),"","HR,") &IF(ISERROR(MATCH(1,INDEX(('Списки блоков'!$S$2:$S986=B34)*(ROW('Списки блоков'!$S$2:$S986)<>ROW('Списки блоков'!$S$3)),0),0)),"","Instagram,") &IF(ISERROR(MATCH(1,INDEX(('Списки блоков'!$T$2:$T986=B34)*(ROW('Списки блоков'!$T$2:$T986)<>ROW('Списки блоков'!$T$3)),0),0)),"","Zachёt,") &IF(ISERROR(MATCH(1,INDEX(('Списки блоков'!$U$2:$U986=B34)*(ROW('Списки блоков'!$U$2:$U986)<>ROW('Списки блоков'!$U$3)),0),0)),"","IT,") &IF(ISERROR(MATCH(1,INDEX(('Списки блоков'!$V$2:$V986=B34)*(ROW('Списки блоков'!$V$2:$V986)<>ROW('Списки блоков'!$V$3)),0),0)),"","ДК,")} -> ИнфоБлок,КГ,Склад,Сценаристы,HR,ДК, | F34: 89772716778 | G34: https://vk.com/rise13167 | H34: https://t.me/rise13167 | I34: riseefre@gmail.com | J34: Контракт
A35: Жигалова Екатерина Валерьевна | B35: =LEFT(A35,FIND(CHAR(160),SUBSTITUTE(A35," ",CHAR(160),2)) - 1) -> Жигалова Екатерина | C35: 209 | D35: ДСЛ | E35: {=IF(ISERROR(MATCH(1,INDEX(('Списки блоков'!$B$2:$B986=B35)*(ROW('Списки блоков'!$B$2:$B986)<>ROW('Списки блоков'!$B$3)),0),0)),"","БДНС,") &IF(ISERROR(MATCH(1,INDEX(('Списки блоков'!$C$2:$C986=B35)*(ROW('Списки блоков'!$C$2:$C986)<>ROW('Списки блоков'!$C$3)),0),0)),"","Видеолаба,") &IF(ISERROR(MATCH(1,INDEX(('Списки блоков'!$D$2:$D986=B35)*(ROW('Списки блоков'!$D$2:$D986)<>ROW('Списки блоков'!$D$3)),0),0)),"","Декораторы,") &IF(ISERROR(MATCH(1,INDEX(('Списки блоков'!$E$2:$E986=B35)*(ROW('Списки блоков'!$E$2:$E986)<>ROW('Списки блоков'!$E$3)),0),0)),"","Дизайн,") &IF(ISERROR(MATCH(1,INDEX(('Списки блоков'!$F$2:$F986=B35)*(ROW('Списки блоков'!$F$2:$F986)<>ROW('Списки блоков'!$F$3)),0),0)),"","Досуг,") &IF(ISERROR(MATCH(1,INDEX(('Списки блоков'!$G$2:$G986=B35)*(ROW('Списки блоков'!$G$2:$G986)<>ROW('Списки блоков'!$G$3)),0),0)),"","Закупки,") &IF(ISERROR(MATCH(1,INDEX(('Списки блоков'!$H$2:$H986=B35)*(ROW('Списки блоков'!$H$2:$H986)<>ROW('Списки блоков'!$H$3)),0),0)),"","ИнфоБлок,") &IF(ISERROR(MATCH(1,INDEX(('Списки блоков'!$I$2:$I986=B35)*(ROW('Списки блоков'!$I$2:$I986)<>ROW('Списки блоков'!$I$3)),0),0)),"","КГ,") &IF(ISERROR(MATCH(1,INDEX(('Списки блоков'!$J$2:$J986=B35)*(ROW('Списки блоков'!$J$2:$J986)<>ROW('Списки блоков'!$J$3)),0),0)),"","МП,") &IF(ISERROR(MATCH(1,INDEX(('Списки блоков'!$K$2:$K986=B35)*(ROW('Списки блоков'!$K$2:$K986)<>ROW('Списки блоков'!$K$3)),0),0)),"","Профорги,") &IF(ISERROR(MATCH(1,INDEX(('Списки блоков'!$L$2:$L986=B35)*(ROW('Списки блоков'!$L$2:$L986)<>ROW('Списки блоков'!$L$3)),0),0)),"","Спонсоры,") &IF(ISERROR(MATCH(1,INDEX(('Списки блоков'!$M$2:$M986=B35)*(ROW('Списки блоков'!$M$2:$M986)<>ROW('Списки блоков'!$M$3)),0),0)),"","Склад,") &IF(ISERROR(MATCH(1,INDEX(('Списки блоков'!$N$2:$N986=B35)*(ROW('Списки блоков'!$N$2:$N986)<>ROW('Списки блоков'!$N$3)),0),0)),"","Сценаристы,") &IF(ISERROR(MATCH(1,INDEX(('Списки блоков'!$O$2:$O986=B35)*(ROW('Списки блоков'!$O$2:$O986)<>ROW('Списки блоков'!$O$3)),0),0)),"","Техники,") &IF(ISERROR(MATCH(1,INDEX(('Списки блоков'!$P$2:$P986=B35)*(ROW('Списки блоков'!$P$2:$P986)<>ROW('Списки блоков'!$P$3)),0),0)),"","УРС,") &IF(ISERROR(MATCH(1,INDEX(('Списки блоков'!$Q$2:$Q986=B35)*(ROW('Списки блоков'!$Q$2:$Q986)<>ROW('Списки блоков'!$Q$3)),0),0)),"","Фото,") &IF(ISERROR(MATCH(1,INDEX((#REF!=B35)*(ROW(#REF!)<>ROW(#REF!)),0),0)),"","ЭкоБлок,") &IF(ISERROR(MATCH(1,INDEX(('Списки блоков'!$R$2:$R986=B35)*(ROW('Списки блоков'!$R$2:$R986)<>ROW('Списки блоков'!$R$3)),0),0)),"","HR,") &IF(ISERROR(MATCH(1,INDEX(('Списки блоков'!$S$2:$S986=B35)*(ROW('Списки блоков'!$S$2:$S986)<>ROW('Списки блоков'!$S$3)),0),0)),"","Instagram,") &IF(ISERROR(MATCH(1,INDEX(('Списки блоков'!$T$2:$T986=B35)*(ROW('Списки блоков'!$T$2:$T986)<>ROW('Списки блоков'!$T$3)),0),0)),"","Zachёt,") &IF(ISERROR(MATCH(1,INDEX(('Списки блоков'!$U$2:$U986=B35)*(ROW('Списки блоков'!$U$2:$U986)<>ROW('Списки блоков'!$U$3)),0),0)),"","IT,") &IF(ISERROR(MATCH(1,INDEX(('Списки блоков'!$V$2:$V986=B35)*(ROW('Списки блоков'!$V$2:$V986)<>ROW('Списки блоков'!$V$3)),0),0)),"","ДК,")} -> Дизайн,Закупки,Фото, | F35: 89209204119 | G35: https://vk.com/little.dragonn | H35: @little_dragon2611 | I35: Katyyyya2611@yandex.ru | J35: Бюджет
A36: Жукова Наталия Дмитриевна | B36: =LEFT(A36,FIND(CHAR(160),SUBSTITUTE(A36," ",CHAR(160),2)) - 1) -> Жукова Наталия | C36: 105 | D36: Дсл | E36: {=IF(ISERROR(MATCH(1,INDEX(('Списки блоков'!$B$2:$B986=B36)*(ROW('Списки блоков'!$B$2:$B986)<>ROW('Списки блоков'!$B$3)),0),0)),"","БДНС,") &IF(ISERROR(MATCH(1,INDEX(('Списки блоков'!$C$2:$C986=B36)*(ROW('Списки блоков'!$C$2:$C986)<>ROW('Списки блоков'!$C$3)),0),0)),"","Видеолаба,") &IF(ISERROR(MATCH(1,INDEX(('Списки блоков'!$D$2:$D986=B36)*(ROW('Списки блоков'!$D$2:$D986)<>ROW('Списки блоков'!$D$3)),0),0)),"","Декораторы,") &IF(ISERROR(MATCH(1,INDEX(('Списки блоков'!$E$2:$E986=B36)*(ROW('Списки блоков'!$E$2:$E986)<>ROW('Списки блоков'!$E$3)),0),0)),"","Дизайн,") &IF(ISERROR(MATCH(1,INDEX(('Списки блоков'!$F$2:$F986=B36)*(ROW('Списки блоков'!$F$2:$F986)<>ROW('Списки блоков'!$F$3)),0),0)),"","Досуг,") &IF(ISERROR(MATCH(1,INDEX(('Списки блоков'!$G$2:$G986=B36)*(ROW('Списки блоков'!$G$2:$G986)<>ROW('Списки блоков'!$G$3)),0),0)),"","Закупки,") &IF(ISERROR(MATCH(1,INDEX(('Списки блоков'!$H$2:$H986=B36)*(ROW('Списки блоков'!$H$2:$H986)<>ROW('Списки блоков'!$H$3)),0),0)),"","ИнфоБлок,") &IF(ISERROR(MATCH(1,INDEX(('Списки блоков'!$I$2:$I986=B36)*(ROW('Списки блоков'!$I$2:$I986)<>ROW('Списки блоков'!$I$3)),0),0)),"","КГ,") &IF(ISERROR(MATCH(1,INDEX(('Списки блоков'!$J$2:$J986=B36)*(ROW('Списки блоков'!$J$2:$J986)<>ROW('Списки блоков'!$J$3)),0),0)),"","МП,") &IF(ISERROR(MATCH(1,INDEX(('Списки блоков'!$K$2:$K986=B36)*(ROW('Списки блоков'!$K$2:$K986)<>ROW('Списки блоков'!$K$3)),0),0)),"","Профорги,") &IF(ISERROR(MATCH(1,INDEX(('Списки блоков'!$L$2:$L986=B36)*(ROW('Списки блоков'!$L$2:$L986)<>ROW('Списки блоков'!$L$3)),0),0)),"","Спонсоры,") &IF(ISERROR(MATCH(1,INDEX(('Списки блоков'!$M$2:$M986=B36)*(ROW('Списки блоков'!$M$2:$M986)<>ROW('Списки блоков'!$M$3)),0),0)),"","Склад,") &IF(ISERROR(MATCH(1,INDEX(('Списки блоков'!$N$2:$N986=B36)*(ROW('Списки блоков'!$N$2:$N986)<>ROW('Списки блоков'!$N$3)),0),0)),"","Сценаристы,") &IF(ISERROR(MATCH(1,INDEX(('Списки блоков'!$O$2:$O986=B36)*(ROW('Списки блоков'!$O$2:$O986)<>ROW('Списки блоков'!$O$3)),0),0)),"","Техники,") &IF(ISERROR(MATCH(1,INDEX(('Списки блоков'!$P$2:$P986=B36)*(ROW('Списки блоков'!$P$2:$P986)<>ROW('Списки блоков'!$P$3)),0),0)),"","УРС,") &IF(ISERROR(MATCH(1,INDEX(('Списки блоков'!$Q$2:$Q986=B36)*(ROW('Списки блоков'!$Q$2:$Q986)<>ROW('Списки блоков'!$Q$3)),0),0)),"","Фото,") &IF(ISERROR(MATCH(1,INDEX((#REF!=B36)*(ROW(#REF!)<>ROW(#REF!)),0),0)),"","ЭкоБлок,") &IF(ISERROR(MATCH(1,INDEX(('Списки блоков'!$R$2:$R986=B36)*(ROW('Списки блоков'!$R$2:$R986)<>ROW('Списки блоков'!$R$3)),0),0)),"","HR,") &IF(ISERROR(MATCH(1,INDEX(('Списки блоков'!$S$2:$S986=B36)*(ROW('Списки блоков'!$S$2:$S986)<>ROW('Списки блоков'!$S$3)),0),0)),"","Instagram,") &IF(ISERROR(MATCH(1,INDEX(('Списки блоков'!$T$2:$T986=B36)*(ROW('Списки блоков'!$T$2:$T986)<>ROW('Списки блоков'!$T$3)),0),0)),"","Zachёt,") &IF(ISERROR(MATCH(1,INDEX(('Списки блоков'!$U$2:$U986=B36)*(ROW('Списки блоков'!$U$2:$U986)<>ROW('Списки блоков'!$U$3)),0),0)),"","IT,") &IF(ISERROR(MATCH(1,INDEX(('Списки блоков'!$V$2:$V986=B36)*(ROW('Списки блоков'!$V$2:$V986)<>ROW('Списки блоков'!$V$3)),0),0)),"","ДК,")} -> Декораторы,Дизайн,Техники, | F36: 89605507712 | G36: vk.com/natttttttttttt | H36: @tuzikkkkk | I36: nataliazukova763@gmail.com | J36: Бюджет
A37: Журавков Даниил Дмитриевич | B37: =LEFT(A37,FIND(CHAR(160),SUBSTITUTE(A37," ",CHAR(160),2)) - 1) -> Журавков Даниил | C37: 209 | D37: м. ольховая | E37: {=IF(ISERROR(MATCH(1,INDEX(('Списки блоков'!$B$2:$B986=B37)*(ROW('Списки блоков'!$B$2:$B986)<>ROW('Списки блоков'!$B$3)),0),0)),"","БДНС,") &IF(ISERROR(MATCH(1,INDEX(('Списки блоков'!$C$2:$C986=B37)*(ROW('Списки блоков'!$C$2:$C986)<>ROW('Списки блоков'!$C$3)),0),0)),"","Видеолаба,") &IF(ISERROR(MATCH(1,INDEX(('Списки блоков'!$D$2:$D986=B37)*(ROW('Списки блоков'!$D$2:$D986)<>ROW('Списки блоков'!$D$3)),0),0)),"","Декораторы,") &IF(ISERROR(MATCH(1,INDEX(('Списки блоков'!$E$2:$E986=B37)*(ROW('Списки блоков'!$E$2:$E986)<>ROW('Списки блоков'!$E$3)),0),0)),"","Дизайн,") &IF(ISERROR(MATCH(1,INDEX(('Списки блоков'!$F$2:$F986=B37)*(ROW('Списки блоков'!$F$2:$F986)<>ROW('Списки блоков'!$F$3)),0),0)),"","Досуг,") &IF(ISERROR(MATCH(1,INDEX(('Списки блоков'!$G$2:$G986=B37)*(ROW('Списки блоков'!$G$2:$G986)<>ROW('Списки блоков'!$G$3)),0),0)),"","Закупки,") &IF(ISERROR(MATCH(1,INDEX(('Списки блоков'!$H$2:$H986=B37)*(ROW('Списки блоков'!$H$2:$H986)<>ROW('Списки блоков'!$H$3)),0),0)),"","ИнфоБлок,") &IF(ISERROR(MATCH(1,INDEX(('Списки блоков'!$I$2:$I986=B37)*(ROW('Списки блоков'!$I$2:$I986)<>ROW('Списки блоков'!$I$3)),0),0)),"","КГ,") &IF(ISERROR(MATCH(1,INDEX(('Списки блоков'!$J$2:$J986=B37)*(ROW('Списки блоков'!$J$2:$J986)<>ROW('Списки блоков'!$J$3)),0),0)),"","МП,") &IF(ISERROR(MATCH(1,INDEX(('Списки блоков'!$K$2:$K986=B37)*(ROW('Списки блоков'!$K$2:$K986)<>ROW('Списки блоков'!$K$3)),0),0)),"","Профорги,") &IF(ISERROR(MATCH(1,INDEX(('Списки блоков'!$L$2:$L986=B37)*(ROW('Списки блоков'!$L$2:$L986)<>ROW('Списки блоков'!$L$3)),0),0)),"","Спонсоры,") &IF(ISERROR(MATCH(1,INDEX(('Списки блоков'!$M$2:$M986=B37)*(ROW('Списки блоков'!$M$2:$M986)<>ROW('Списки блоков'!$M$3)),0),0)),"","Склад,") &IF(ISERROR(MATCH(1,INDEX(('Списки блоков'!$N$2:$N986=B37)*(ROW('Списки блоков'!$N$2:$N986)<>ROW('Списки блоков'!$N$3)),0),0)),"","Сценаристы,") &IF(ISERROR(MATCH(1,INDEX(('Списки блоков'!$O$2:$O986=B37)*(ROW('Списки блоков'!$O$2:$O986)<>ROW('Списки блоков'!$O$3)),0),0)),"","Техники,") &IF(ISERROR(MATCH(1,INDEX(('Списки блоков'!$P$2:$P986=B37)*(ROW('Списки блоков'!$P$2:$P986)<>ROW('Списки блоков'!$P$3)),0),0)),"","УРС,") &IF(ISERROR(MATCH(1,INDEX(('Списки блоков'!$Q$2:$Q986=B37)*(ROW('Списки блоков'!$Q$2:$Q986)<>ROW('Списки блоков'!$Q$3)),0),0)),"","Фото,") &IF(ISERROR(MATCH(1,INDEX((#REF!=B37)*(ROW(#REF!)<>ROW(#REF!)),0),0)),"","ЭкоБлок,") &IF(ISERROR(MATCH(1,INDEX(('Списки блоков'!$R$2:$R986=B37)*(ROW('Списки блоков'!$R$2:$R986)<>ROW('Списки блоков'!$R$3)),0),0)),"","HR,") &IF(ISERROR(MATCH(1,INDEX(('Списки блоков'!$S$2:$S986=B37)*(ROW('Списки блоков'!$S$2:$S986)<>ROW('Списки блоков'!$S$3)),0),0)),"","Instagram,") &IF(ISERROR(MATCH(1,INDEX(('Списки блоков'!$T$2:$T986=B37)*(ROW('Списки блоков'!$T$2:$T986)<>ROW('Списки блоков'!$T$3)),0),0)),"","Zachёt,") &IF(ISERROR(MATCH(1,INDEX(('Списки блоков'!$U$2:$U986=B37)*(ROW('Списки блоков'!$U$2:$U986)<>ROW('Списки блоков'!$U$3)),0),0)),"","IT,") &IF(ISERROR(MATCH(1,INDEX(('Списки блоков'!$V$2:$V986=B37)*(ROW('Списки блоков'!$V$2:$V986)<>ROW('Списки блоков'!$V$3)),0),0)),"","ДК,")} -> КГ,Сценаристы, | F37: 89167375089 | G37: fidbess | H37: @fidbess | I37: s02240137@gse.cs.msu.ru | J37: Бюджет
A38: Журавков Денис Дмитриевич | B38: =LEFT(A38,FIND(CHAR(160),SUBSTITUTE(A38," ",CHAR(160),2)) - 1) -> Журавков Денис | C38: 209 | D38: Ольховая | E38: {=IF(ISERROR(MATCH(1,INDEX(('Списки блоков'!$B$2:$B986=B38)*(ROW('Списки блоков'!$B$2:$B986)<>ROW('Списки блоков'!$B$3)),0),0)),"","БДНС,") &IF(ISERROR(MATCH(1,INDEX(('Списки блоков'!$C$2:$C986=B38)*(ROW('Списки блоков'!$C$2:$C986)<>ROW('Списки блоков'!$C$3)),0),0)),"","Видеолаба,") &IF(ISERROR(MATCH(1,INDEX(('Списки блоков'!$D$2:$D986=B38)*(ROW('Списки блоков'!$D$2:$D986)<>ROW('Списки блоков'!$D$3)),0),0)),"","Декораторы,") &IF(ISERROR(MATCH(1,INDEX(('Списки блоков'!$E$2:$E986=B38)*(ROW('Списки блоков'!$E$2:$E986)<>ROW('Списки блоков'!$E$3)),0),0)),"","Дизайн,") &IF(ISERROR(MATCH(1,INDEX(('Списки блоков'!$F$2:$F986=B38)*(ROW('Списки блоков'!$F$2:$F986)<>ROW('Списки блоков'!$F$3)),0),0)),"","Досуг,") &IF(ISERROR(MATCH(1,INDEX(('Списки блоков'!$G$2:$G986=B38)*(ROW('Списки блоков'!$G$2:$G986)<>ROW('Списки блоков'!$G$3)),0),0)),"","Закупки,") &IF(ISERROR(MATCH(1,INDEX(('Списки блоков'!$H$2:$H986=B38)*(ROW('Списки блоков'!$H$2:$H986)<>ROW('Списки блоков'!$H$3)),0),0)),"","ИнфоБлок,") &IF(ISERROR(MATCH(1,INDEX(('Списки блоков'!$I$2:$I986=B38)*(ROW('Списки блоков'!$I$2:$I986)<>ROW('Списки блоков'!$I$3)),0),0)),"","КГ,") &IF(ISERROR(MATCH(1,INDEX(('Списки блоков'!$J$2:$J986=B38)*(ROW('Списки блоков'!$J$2:$J986)<>ROW('Списки блоков'!$J$3)),0),0)),"","МП,") &IF(ISERROR(MATCH(1,INDEX(('Списки блоков'!$K$2:$K986=B38)*(ROW('Списки блоков'!$K$2:$K986)<>ROW('Списки блоков'!$K$3)),0),0)),"","Профорги,") &IF(ISERROR(MATCH(1,INDEX(('Списки блоков'!$L$2:$L986=B38)*(ROW('Списки блоков'!$L$2:$L986)<>ROW('Списки блоков'!$L$3)),0),0)),"","Спонсоры,") &IF(ISERROR(MATCH(1,INDEX(('Списки блоков'!$M$2:$M986=B38)*(ROW('Списки блоков'!$M$2:$M986)<>ROW('Списки блоков'!$M$3)),0),0)),"","Склад,") &IF(ISERROR(MATCH(1,INDEX(('Списки блоков'!$N$2:$N986=B38)*(ROW('Списки блоков'!$N$2:$N986)<>ROW('Списки блоков'!$N$3)),0),0)),"","Сценаристы,") &IF(ISERROR(MATCH(1,INDEX(('Списки блоков'!$O$2:$O986=B38)*(ROW('Списки блоков'!$O$2:$O986)<>ROW('Списки блоков'!$O$3)),0),0)),"","Техники,") &IF(ISERROR(MATCH(1,INDEX(('Списки блоков'!$P$2:$P986=B38)*(ROW('Списки блоков'!$P$2:$P986)<>ROW('Списки блоков'!$P$3)),0),0)),"","УРС,") &IF(ISERROR(MATCH(1,INDEX(('Списки блоков'!$Q$2:$Q986=B38)*(ROW('Списки блоков'!$Q$2:$Q986)<>ROW('Списки блоков'!$Q$3)),0),0)),"","Фото,") &IF(ISERROR(MATCH(1,INDEX((#REF!=B38)*(ROW(#REF!)<>ROW(#REF!)),0),0)),"","ЭкоБлок,") &IF(ISERROR(MATCH(1,INDEX(('Списки блоков'!$R$2:$R986=B38)*(ROW('Списки блоков'!$R$2:$R986)<>ROW('Списки блоков'!$R$3)),0),0)),"","HR,") &IF(ISERROR(MATCH(1,INDEX(('Списки блоков'!$S$2:$S986=B38)*(ROW('Списки блоков'!$S$2:$S986)<>ROW('Списки блоков'!$S$3)),0),0)),"","Instagram,") &IF(ISERROR(MATCH(1,INDEX(('Списки блоков'!$T$2:$T986=B38)*(ROW('Списки блоков'!$T$2:$T986)<>ROW('Списки блоков'!$T$3)),0),0)),"","Zachёt,") &IF(ISERROR(MATCH(1,INDEX(('Списки блоков'!$U$2:$U986=B38)*(ROW('Списки блоков'!$U$2:$U986)<>ROW('Списки блоков'!$U$3)),0),0)),"","IT,") &IF(ISERROR(MATCH(1,INDEX(('Списки блоков'!$V$2:$V986=B38)*(ROW('Списки блоков'!$V$2:$V986)<>ROW('Списки блоков'!$V$3)),0),0)),"","ДК,")} -> КГ,Instagram, | F38: 89167374905 | G38: vk.com/redden19 | H38: @rvddn | I38: denis_zhuravkov@rambler.ru | J38: Бюджет
A39: Журавлева Светлана Викторовна | B39: =LEFT(A39,FIND(CHAR(160),SUBSTITUTE(A39," ",CHAR(160),2)) - 1) -> Журавлева Светлана | C39: 205 | D39: щелковская | E39: {=IF(ISERROR(MATCH(1,INDEX(('Списки блоков'!$B$2:$B986=B39)*(ROW('Списки блоков'!$B$2:$B986)<>ROW('Списки блоков'!$B$3)),0),0)),"","БДНС,") &IF(ISERROR(MATCH(1,INDEX(('Списки блоков'!$C$2:$C986=B39)*(ROW('Списки блоков'!$C$2:$C986)<>ROW('Списки блоков'!$C$3)),0),0)),"","Видеолаба,") &IF(ISERROR(MATCH(1,INDEX(('Списки блоков'!$D$2:$D986=B39)*(ROW('Списки блоков'!$D$2:$D986)<>ROW('Списки блоков'!$D$3)),0),0)),"","Декораторы,") &IF(ISERROR(MATCH(1,INDEX(('Списки блоков'!$E$2:$E986=B39)*(ROW('Списки блоков'!$E$2:$E986)<>ROW('Списки блоков'!$E$3)),0),0)),"","Дизайн,") &IF(ISERROR(MATCH(1,INDEX(('Списки блоков'!$F$2:$F986=B39)*(ROW('Списки блоков'!$F$2:$F986)<>ROW('Списки блоков'!$F$3)),0),0)),"","Досуг,") &IF(ISERROR(MATCH(1,INDEX(('Списки блоков'!$G$2:$G986=B39)*(ROW('Списки блоков'!$G$2:$G986)<>ROW('Списки блоков'!$G$3)),0),0)),"","Закупки,") &IF(ISERROR(MATCH(1,INDEX(('Списки блоков'!$H$2:$H986=B39)*(ROW('Списки блоков'!$H$2:$H986)<>ROW('Списки блоков'!$H$3)),0),0)),"","ИнфоБлок,") &IF(ISERROR(MATCH(1,INDEX(('Списки блоков'!$I$2:$I986=B39)*(ROW('Списки блоков'!$I$2:$I986)<>ROW('Списки блоков'!$I$3)),0),0)),"","КГ,") &IF(ISERROR(MATCH(1,INDEX(('Списки блоков'!$J$2:$J986=B39)*(ROW('Списки блоков'!$J$2:$J986)<>ROW('Списки блоков'!$J$3)),0),0)),"","МП,") &IF(ISERROR(MATCH(1,INDEX(('Списки блоков'!$K$2:$K986=B39)*(ROW('Списки блоков'!$K$2:$K986)<>ROW('Списки блоков'!$K$3)),0),0)),"","Профорги,") &IF(ISERROR(MATCH(1,INDEX(('Списки блоков'!$L$2:$L986=B39)*(ROW('Списки блоков'!$L$2:$L986)<>ROW('Списки блоков'!$L$3)),0),0)),"","Спонсоры,") &IF(ISERROR(MATCH(1,INDEX(('Списки блоков'!$M$2:$M986=B39)*(ROW('Списки блоков'!$M$2:$M986)<>ROW('Списки блоков'!$M$3)),0),0)),"","Склад,") &IF(ISERROR(MATCH(1,INDEX(('Списки блоков'!$N$2:$N986=B39)*(ROW('Списки блоков'!$N$2:$N986)<>ROW('Списки блоков'!$N$3)),0),0)),"","Сценаристы,") &IF(ISERROR(MATCH(1,INDEX(('Списки блоков'!$O$2:$O986=B39)*(ROW('Списки блоков'!$O$2:$O986)<>ROW('Списки блоков'!$O$3)),0),0)),"","Техники,") &IF(ISERROR(MATCH(1,INDEX(('Списки блоков'!$P$2:$P986=B39)*(ROW('Списки блоков'!$P$2:$P986)<>ROW('Списки блоков'!$P$3)),0),0)),"","УРС,") &IF(ISERROR(MATCH(1,INDEX(('Списки блоков'!$Q$2:$Q986=B39)*(ROW('Списки блоков'!$Q$2:$Q986)<>ROW('Списки блоков'!$Q$3)),0),0)),"","Фото,") &IF(ISERROR(MATCH(1,INDEX((#REF!=B39)*(ROW(#REF!)<>ROW(#REF!)),0),0)),"","ЭкоБлок,") &IF(ISERROR(MATCH(1,INDEX(('Списки блоков'!$R$2:$R986=B39)*(ROW('Списки блоков'!$R$2:$R986)<>ROW('Списки блоков'!$R$3)),0),0)),"","HR,") &IF(ISERROR(MATCH(1,INDEX(('Списки блоков'!$S$2:$S986=B39)*(ROW('Списки блоков'!$S$2:$S986)<>ROW('Списки блоков'!$S$3)),0),0)),"","Instagram,") &IF(ISERROR(MATCH(1,INDEX(('Списки блоков'!$T$2:$T986=B39)*(ROW('Списки блоков'!$T$2:$T986)<>ROW('Списки блоков'!$T$3)),0),0)),"","Zachёt,") &IF(ISERROR(MATCH(1,INDEX(('Списки блоков'!$U$2:$U986=B39)*(ROW('Списки блоков'!$U$2:$U986)<>ROW('Списки блоков'!$U$3)),0),0)),"","IT,") &IF(ISERROR(MATCH(1,INDEX(('Списки блоков'!$V$2:$V986=B39)*(ROW('Списки блоков'!$V$2:$V986)<>ROW('Списки блоков'!$V$3)),0),0)),"","ДК,")} -> Дизайн,Instagram, | F39: 89161738399 | G39: https://vk.com/svetazhurr | H39: @zhurrs | I39: svetazhur6@gmail.com | J39: Бюджет
A40: Загатин Даниил Ильич | B40: =LEFT(A40,FIND(CHAR(160),SUBSTITUTE(A40," ",CHAR(160),2)) - 1) -> Загатин Даниил | C40: 417 | D40: Метро Борисово | E40: {=IF(ISERROR(MATCH(1,INDEX(('Списки блоков'!$B$2:$B986=B40)*(ROW('Списки блоков'!$B$2:$B986)<>ROW('Списки блоков'!$B$3)),0),0)),"","БДНС,") &IF(ISERROR(MATCH(1,INDEX(('Списки блоков'!$C$2:$C986=B40)*(ROW('Списки блоков'!$C$2:$C986)<>ROW('Списки блоков'!$C$3)),0),0)),"","Видеолаба,") &IF(ISERROR(MATCH(1,INDEX(('Списки блоков'!$D$2:$D986=B40)*(ROW('Списки блоков'!$D$2:$D986)<>ROW('Списки блоков'!$D$3)),0),0)),"","Декораторы,") &IF(ISERROR(MATCH(1,INDEX(('Списки блоков'!$E$2:$E986=B40)*(ROW('Списки блоков'!$E$2:$E986)<>ROW('Списки блоков'!$E$3)),0),0)),"","Дизайн,") &IF(ISERROR(MATCH(1,INDEX(('Списки блоков'!$F$2:$F986=B40)*(ROW('Списки блоков'!$F$2:$F986)<>ROW('Списки блоков'!$F$3)),0),0)),"","Досуг,") &IF(ISERROR(MATCH(1,INDEX(('Списки блоков'!$G$2:$G986=B40)*(ROW('Списки блоков'!$G$2:$G986)<>ROW('Списки блоков'!$G$3)),0),0)),"","Закупки,") &IF(ISERROR(MATCH(1,INDEX(('Списки блоков'!$H$2:$H986=B40)*(ROW('Списки блоков'!$H$2:$H986)<>ROW('Списки блоков'!$H$3)),0),0)),"","ИнфоБлок,") &IF(ISERROR(MATCH(1,INDEX(('Списки блоков'!$I$2:$I986=B40)*(ROW('Списки блоков'!$I$2:$I986)<>ROW('Списки блоков'!$I$3)),0),0)),"","КГ,") &IF(ISERROR(MATCH(1,INDEX(('Списки блоков'!$J$2:$J986=B40)*(ROW('Списки блоков'!$J$2:$J986)<>ROW('Списки блоков'!$J$3)),0),0)),"","МП,") &IF(ISERROR(MATCH(1,INDEX(('Списки блоков'!$K$2:$K986=B40)*(ROW('Списки блоков'!$K$2:$K986)<>ROW('Списки блоков'!$K$3)),0),0)),"","Профорги,") &IF(ISERROR(MATCH(1,INDEX(('Списки блоков'!$L$2:$L986=B40)*(ROW('Списки блоков'!$L$2:$L986)<>ROW('Списки блоков'!$L$3)),0),0)),"","Спонсоры,") &IF(ISERROR(MATCH(1,INDEX(('Списки блоков'!$M$2:$M986=B40)*(ROW('Списки блоков'!$M$2:$M986)<>ROW('Списки блоков'!$M$3)),0),0)),"","Склад,") &IF(ISERROR(MATCH(1,INDEX(('Списки блоков'!$N$2:$N986=B40)*(ROW('Списки блоков'!$N$2:$N986)<>ROW('Списки блоков'!$N$3)),0),0)),"","Сценаристы,") &IF(ISERROR(MATCH(1,INDEX(('Списки блоков'!$O$2:$O986=B40)*(ROW('Списки блоков'!$O$2:$O986)<>ROW('Списки блоков'!$O$3)),0),0)),"","Техники,") &IF(ISERROR(MATCH(1,INDEX(('Списки блоков'!$P$2:$P986=B40)*(ROW('Списки блоков'!$P$2:$P986)<>ROW('Списки блоков'!$P$3)),0),0)),"","УРС,") &IF(ISERROR(MATCH(1,INDEX(('Списки блоков'!$Q$2:$Q986=B40)*(ROW('Списки блоков'!$Q$2:$Q986)<>ROW('Списки блоков'!$Q$3)),0),0)),"","Фото,") &IF(ISERROR(MATCH(1,INDEX((#REF!=B40)*(ROW(#REF!)<>ROW(#REF!)),0),0)),"","ЭкоБлок,") &IF(ISERROR(MATCH(1,INDEX(('Списки блоков'!$R$2:$R986=B40)*(ROW('Списки блоков'!$R$2:$R986)<>ROW('Списки блоков'!$R$3)),0),0)),"","HR,") &IF(ISERROR(MATCH(1,INDEX(('Списки блоков'!$S$2:$S986=B40)*(ROW('Списки блоков'!$S$2:$S986)<>ROW('Списки блоков'!$S$3)),0),0)),"","Instagram,") &IF(ISERROR(MATCH(1,INDEX(('Списки блоков'!$T$2:$T986=B40)*(ROW('Списки блоков'!$T$2:$T986)<>ROW('Списки блоков'!$T$3)),0),0)),"","Zachёt,") &IF(ISERROR(MATCH(1,INDEX(('Списки блоков'!$U$2:$U986=B40)*(ROW('Списки блоков'!$U$2:$U986)<>ROW('Списки блоков'!$U$3)),0),0)),"","IT,") &IF(ISERROR(MATCH(1,INDEX(('Списки блоков'!$V$2:$V986=B40)*(ROW('Списки блоков'!$V$2:$V986)<>ROW('Списки блоков'!$V$3)),0),0)),"","ДК,")} -> БДНС,Декораторы,Дизайн,ИнфоБлок,Спонсоры,Склад,УРС,Zachёt,IT, | F40: 89629692582 | G40: https://vk.com/daniilzagatin | H40: t.me/ZagatinDaniil | I40: dan.zagatinr@gmail.com | J40: Бюджет
A41: Зайцев Арсений Владимирович | B41: =LEFT(A41,FIND(CHAR(160),SUBSTITUTE(A41," ",CHAR(160),2)) - 1) -> Зайцев Арсений | C41: 105 | D41: Смоленская | E41: {=IF(ISERROR(MATCH(1,INDEX(('Списки блоков'!$B$2:$B986=B41)*(ROW('Списки блоков'!$B$2:$B986)<>ROW('Списки блоков'!$B$3)),0),0)),"","БДНС,") &IF(ISERROR(MATCH(1,INDEX(('Списки блоков'!$C$2:$C986=B41)*(ROW('Списки блоков'!$C$2:$C986)<>ROW('Списки блоков'!$C$3)),0),0)),"","Видеолаба,") &IF(ISERROR(MATCH(1,INDEX(('Списки блоков'!$D$2:$D986=B41)*(ROW('Списки блоков'!$D$2:$D986)<>ROW('Списки блоков'!$D$3)),0),0)),"","Декораторы,") &IF(ISERROR(MATCH(1,INDEX(('Списки блоков'!$E$2:$E986=B41)*(ROW('Списки блоков'!$E$2:$E986)<>ROW('Списки блоков'!$E$3)),0),0)),"","Дизайн,") &IF(ISERROR(MATCH(1,INDEX(('Списки блоков'!$F$2:$F986=B41)*(ROW('Списки блоков'!$F$2:$F986)<>ROW('Списки блоков'!$F$3)),0),0)),"","Досуг,") &IF(ISERROR(MATCH(1,INDEX(('Списки блоков'!$G$2:$G986=B41)*(ROW('Списки блоков'!$G$2:$G986)<>ROW('Списки блоков'!$G$3)),0),0)),"","Закупки,") &IF(ISERROR(MATCH(1,INDEX(('Списки блоков'!$H$2:$H986=B41)*(ROW('Списки блоков'!$H$2:$H986)<>ROW('Списки блоков'!$H$3)),0),0)),"","ИнфоБлок,") &IF(ISERROR(MATCH(1,INDEX(('Списки блоков'!$I$2:$I986=B41)*(ROW('Списки блоков'!$I$2:$I986)<>ROW('Списки блоков'!$I$3)),0),0)),"","КГ,") &IF(ISERROR(MATCH(1,INDEX(('Списки блоков'!$J$2:$J986=B41)*(ROW('Списки блоков'!$J$2:$J986)<>ROW('Списки блоков'!$J$3)),0),0)),"","МП,") &IF(ISERROR(MATCH(1,INDEX(('Списки блоков'!$K$2:$K986=B41)*(ROW('Списки блоков'!$K$2:$K986)<>ROW('Списки блоков'!$K$3)),0),0)),"","Профорги,") &IF(ISERROR(MATCH(1,INDEX(('Списки блоков'!$L$2:$L986=B41)*(ROW('Списки блоков'!$L$2:$L986)<>ROW('Списки блоков'!$L$3)),0),0)),"","Спонсоры,") &IF(ISERROR(MATCH(1,INDEX(('Списки блоков'!$M$2:$M986=B41)*(ROW('Списки блоков'!$M$2:$M986)<>ROW('Списки блоков'!$M$3)),0),0)),"","Склад,") &IF(ISERROR(MATCH(1,INDEX(('Списки блоков'!$N$2:$N986=B41)*(ROW('Списки блоков'!$N$2:$N986)<>ROW('Списки блоков'!$N$3)),0),0)),"","Сценаристы,") &IF(ISERROR(MATCH(1,INDEX(('Списки блоков'!$O$2:$O986=B41)*(ROW('Списки блоков'!$O$2:$O986)<>ROW('Списки блоков'!$O$3)),0),0)),"","Техники,") &IF(ISERROR(MATCH(1,INDEX(('Списки блоков'!$P$2:$P986=B41)*(ROW('Списки блоков'!$P$2:$P986)<>ROW('Списки блоков'!$P$3)),0),0)),"","УРС,") &IF(ISERROR(MATCH(1,INDEX(('Списки блоков'!$Q$2:$Q986=B41)*(ROW('Списки блоков'!$Q$2:$Q986)<>ROW('Списки блоков'!$Q$3)),0),0)),"","Фото,") &IF(ISERROR(MATCH(1,INDEX((#REF!=B41)*(ROW(#REF!)<>ROW(#REF!)),0),0)),"","ЭкоБлок,") &IF(ISERROR(MATCH(1,INDEX(('Списки блоков'!$R$2:$R986=B41)*(ROW('Списки блоков'!$R$2:$R986)<>ROW('Списки блоков'!$R$3)),0),0)),"","HR,") &IF(ISERROR(MATCH(1,INDEX(('Списки блоков'!$S$2:$S986=B41)*(ROW('Списки блоков'!$S$2:$S986)<>ROW('Списки блоков'!$S$3)),0),0)),"","Instagram,") &IF(ISERROR(MATCH(1,INDEX(('Списки блоков'!$T$2:$T986=B41)*(ROW('Списки блоков'!$T$2:$T986)<>ROW('Списки блоков'!$T$3)),0),0)),"","Zachёt,") &IF(ISERROR(MATCH(1,INDEX(('Списки блоков'!$U$2:$U986=B41)*(ROW('Списки блоков'!$U$2:$U986)<>ROW('Списки блоков'!$U$3)),0),0)),"","IT,") &IF(ISERROR(MATCH(1,INDEX(('Списки блоков'!$V$2:$V986=B41)*(ROW('Списки блоков'!$V$2:$V986)<>ROW('Списки блоков'!$V$3)),0),0)),"","ДК,")} -> Дизайн, | F41: 89852049149 | G41: vk.com/jazzazello | H41: t.me/jazzazello | I41: lufi.2023@gmail.com | J41: Контракт
A42: Зайцева Яна Сергеевна | B42: =LEFT(A42,FIND(CHAR(160),SUBSTITUTE(A42," ",CHAR(160),2)) - 1) -> Зайцева Яна | C42: 305 | D42: м. Белорусская/Динамо | E42: {=IF(ISERROR(MATCH(1,INDEX(('Списки блоков'!$B$2:$B986=B42)*(ROW('Списки блоков'!$B$2:$B986)<>ROW('Списки блоков'!$B$3)),0),0)),"","БДНС,") &IF(ISERROR(MATCH(1,INDEX(('Списки блоков'!$C$2:$C986=B42)*(ROW('Списки блоков'!$C$2:$C986)<>ROW('Списки блоков'!$C$3)),0),0)),"","Видеолаба,") &IF(ISERROR(MATCH(1,INDEX(('Списки блоков'!$D$2:$D986=B42)*(ROW('Списки блоков'!$D$2:$D986)<>ROW('Списки блоков'!$D$3)),0),0)),"","Декораторы,") &IF(ISERROR(MATCH(1,INDEX(('Списки блоков'!$E$2:$E986=B42)*(ROW('Списки блоков'!$E$2:$E986)<>ROW('Списки блоков'!$E$3)),0),0)),"","Дизайн,") &IF(ISERROR(MATCH(1,INDEX(('Списки блоков'!$F$2:$F986=B42)*(ROW('Списки блоков'!$F$2:$F986)<>ROW('Списки блоков'!$F$3)),0),0)),"","Досуг,") &IF(ISERROR(MATCH(1,INDEX(('Списки блоков'!$G$2:$G986=B42)*(ROW('Списки блоков'!$G$2:$G986)<>ROW('Списки блоков'!$G$3)),0),0)),"","Закупки,") &IF(ISERROR(MATCH(1,INDEX(('Списки блоков'!$H$2:$H986=B42)*(ROW('Списки блоков'!$H$2:$H986)<>ROW('Списки блоков'!$H$3)),0),0)),"","ИнфоБлок,") &IF(ISERROR(MATCH(1,INDEX(('Списки блоков'!$I$2:$I986=B42)*(ROW('Списки блоков'!$I$2:$I986)<>ROW('Списки блоков'!$I$3)),0),0)),"","КГ,") &IF(ISERROR(MATCH(1,INDEX(('Списки блоков'!$J$2:$J986=B42)*(ROW('Списки блоков'!$J$2:$J986)<>ROW('Списки блоков'!$J$3)),0),0)),"","МП,") &IF(ISERROR(MATCH(1,INDEX(('Списки блоков'!$K$2:$K986=B42)*(ROW('Списки блоков'!$K$2:$K986)<>ROW('Списки блоков'!$K$3)),0),0)),"","Профорги,") &IF(ISERROR(MATCH(1,INDEX(('Списки блоков'!$L$2:$L986=B42)*(ROW('Списки блоков'!$L$2:$L986)<>ROW('Списки блоков'!$L$3)),0),0)),"","Спонсоры,") &IF(ISERROR(MATCH(1,INDEX(('Списки блоков'!$M$2:$M986=B42)*(ROW('Списки блоков'!$M$2:$M986)<>ROW('Списки блоков'!$M$3)),0),0)),"","Склад,") &IF(ISERROR(MATCH(1,INDEX(('Списки блоков'!$N$2:$N986=B42)*(ROW('Списки блоков'!$N$2:$N986)<>ROW('Списки блоков'!$N$3)),0),0)),"","Сценаристы,") &IF(ISERROR(MATCH(1,INDEX(('Списки блоков'!$O$2:$O986=B42)*(ROW('Списки блоков'!$O$2:$O986)<>ROW('Списки блоков'!$O$3)),0),0)),"","Техники,") &IF(ISERROR(MATCH(1,INDEX(('Списки блоков'!$P$2:$P986=B42)*(ROW('Списки блоков'!$P$2:$P986)<>ROW('Списки блоков'!$P$3)),0),0)),"","УРС,") &IF(ISERROR(MATCH(1,INDEX(('Списки блоков'!$Q$2:$Q986=B42)*(ROW('Списки блоков'!$Q$2:$Q986)<>ROW('Списки блоков'!$Q$3)),0),0)),"","Фото,") &IF(ISERROR(MATCH(1,INDEX((#REF!=B42)*(ROW(#REF!)<>ROW(#REF!)),0),0)),"","ЭкоБлок,") &IF(ISERROR(MATCH(1,INDEX(('Списки блоков'!$R$2:$R986=B42)*(ROW('Списки блоков'!$R$2:$R986)<>ROW('Списки блоков'!$R$3)),0),0)),"","HR,") &IF(ISERROR(MATCH(1,INDEX(('Списки блоков'!$S$2:$S986=B42)*(ROW('Списки блоков'!$S$2:$S986)<>ROW('Списки блоков'!$S$3)),0),0)),"","Instagram,") &IF(ISERROR(MATCH(1,INDEX(('Списки блоков'!$T$2:$T986=B42)*(ROW('Списки блоков'!$T$2:$T986)<>ROW('Списки блоков'!$T$3)),0),0)),"","Zachёt,") &IF(ISERROR(MATCH(1,INDEX(('Списки блоков'!$U$2:$U986=B42)*(ROW('Списки блоков'!$U$2:$U986)<>ROW('Списки блоков'!$U$3)),0),0)),"","IT,") &IF(ISERROR(MATCH(1,INDEX(('Списки блоков'!$V$2:$V986=B42)*(ROW('Списки блоков'!$V$2:$V986)<>ROW('Списки блоков'!$V$3)),0),0)),"","ДК,")} -> Фото, | F42: 89161878586 | G42: https://vk.com/id124408879 | H42: @yana_zaytseva28 | I42: 1878586@gmail.com | J42: Контракт
A43: Захаркина Юлия Алексеевна | B43: =LEFT(A43,FIND(CHAR(160),SUBSTITUTE(A43," ",CHAR(160),2)) - 1) -> Захаркина Юлия | C43: 141 | D43: Станция метро Котельники | E43: {=IF(ISERROR(MATCH(1,INDEX(('Списки блоков'!$B$2:$B986=B43)*(ROW('Списки блоков'!$B$2:$B986)<>ROW('Списки блоков'!$B$3)),0),0)),"","БДНС,") &IF(ISERROR(MATCH(1,INDEX(('Списки блоков'!$C$2:$C986=B43)*(ROW('Списки блоков'!$C$2:$C986)<>ROW('Списки блоков'!$C$3)),0),0)),"","Видеолаба,") &IF(ISERROR(MATCH(1,INDEX(('Списки блоков'!$D$2:$D986=B43)*(ROW('Списки блоков'!$D$2:$D986)<>ROW('Списки блоков'!$D$3)),0),0)),"","Декораторы,") &IF(ISERROR(MATCH(1,INDEX(('Списки блоков'!$E$2:$E986=B43)*(ROW('Списки блоков'!$E$2:$E986)<>ROW('Списки блоков'!$E$3)),0),0)),"","Дизайн,") &IF(ISERROR(MATCH(1,INDEX(('Списки блоков'!$F$2:$F986=B43)*(ROW('Списки блоков'!$F$2:$F986)<>ROW('Списки блоков'!$F$3)),0),0)),"","Досуг,") &IF(ISERROR(MATCH(1,INDEX(('Списки блоков'!$G$2:$G986=B43)*(ROW('Списки блоков'!$G$2:$G986)<>ROW('Списки блоков'!$G$3)),0),0)),"","Закупки,") &IF(ISERROR(MATCH(1,INDEX(('Списки блоков'!$H$2:$H986=B43)*(ROW('Списки блоков'!$H$2:$H986)<>ROW('Списки блоков'!$H$3)),0),0)),"","ИнфоБлок,") &IF(ISERROR(MATCH(1,INDEX(('Списки блоков'!$I$2:$I986=B43)*(ROW('Списки блоков'!$I$2:$I986)<>ROW('Списки блоков'!$I$3)),0),0)),"","КГ,") &IF(ISERROR(MATCH(1,INDEX(('Списки блоков'!$J$2:$J986=B43)*(ROW('Списки блоков'!$J$2:$J986)<>ROW('Списки блоков'!$J$3)),0),0)),"","МП,") &IF(ISERROR(MATCH(1,INDEX(('Списки блоков'!$K$2:$K986=B43)*(ROW('Списки блоков'!$K$2:$K986)<>ROW('Списки блоков'!$K$3)),0),0)),"","Профорги,") &IF(ISERROR(MATCH(1,INDEX(('Списки блоков'!$L$2:$L986=B43)*(ROW('Списки блоков'!$L$2:$L986)<>ROW('Списки блоков'!$L$3)),0),0)),"","Спонсоры,") &IF(ISERROR(MATCH(1,INDEX(('Списки блоков'!$M$2:$M986=B43)*(ROW('Списки блоков'!$M$2:$M986)<>ROW('Списки блоков'!$M$3)),0),0)),"","Склад,") &IF(ISERROR(MATCH(1,INDEX(('Списки блоков'!$N$2:$N986=B43)*(ROW('Списки блоков'!$N$2:$N986)<>ROW('Списки блоков'!$N$3)),0),0)),"","Сценаристы,") &IF(ISERROR(MATCH(1,INDEX(('Списки блоков'!$O$2:$O986=B43)*(ROW('Списки блоков'!$O$2:$O986)<>ROW('Списки блоков'!$O$3)),0),0)),"","Техники,") &IF(ISERROR(MATCH(1,INDEX(('Списки блоков'!$P$2:$P986=B43)*(ROW('Списки блоков'!$P$2:$P986)<>ROW('Списки блоков'!$P$3)),0),0)),"","УРС,") &IF(ISERROR(MATCH(1,INDEX(('Списки блоков'!$Q$2:$Q986=B43)*(ROW('Списки блоков'!$Q$2:$Q986)<>ROW('Списки блоков'!$Q$3)),0),0)),"","Фото,") &IF(ISERROR(MATCH(1,INDEX((#REF!=B43)*(ROW(#REF!)<>ROW(#REF!)),0),0)),"","ЭкоБлок,") &IF(ISERROR(MATCH(1,INDEX(('Списки блоков'!$R$2:$R986=B43)*(ROW('Списки блоков'!$R$2:$R986)<>ROW('Списки блоков'!$R$3)),0),0)),"","HR,") &IF(ISERROR(MATCH(1,INDEX(('Списки блоков'!$S$2:$S986=B43)*(ROW('Списки блоков'!$S$2:$S986)<>ROW('Списки блоков'!$S$3)),0),0)),"","Instagram,") &IF(ISERROR(MATCH(1,INDEX(('Списки блоков'!$T$2:$T986=B43)*(ROW('Списки блоков'!$T$2:$T986)<>ROW('Списки блоков'!$T$3)),0),0)),"","Zachёt,") &IF(ISERROR(MATCH(1,INDEX(('Списки блоков'!$U$2:$U986=B43)*(ROW('Списки блоков'!$U$2:$U986)<>ROW('Списки блоков'!$U$3)),0),0)),"","IT,") &IF(ISERROR(MATCH(1,INDEX(('Списки блоков'!$V$2:$V986=B43)*(ROW('Списки блоков'!$V$2:$V986)<>ROW('Списки блоков'!$V$3)),0),0)),"","ДК,")} -> БДНС,КГ,Склад,Сценаристы,УРС,HR, | F43: 89854452017 | G43: https://vk.com/id557099009 | H43: @xa_Y3gO | I43: zakharkinayua@gmail.com | J43: Бюджет
A44: Зорин Михаил Иванович | B44: =LEFT(A44,FIND(CHAR(160),SUBSTITUTE(A44," ",CHAR(160),2)) - 1) -> Зорин Михаил | C44: 102 | D44: ДСЛ, ломоносовский проспект 27к11, Б725 | E44: {=IF(ISERROR(MATCH(1,INDEX(('Списки блоков'!$B$2:$B986=B44)*(ROW('Списки блоков'!$B$2:$B986)<>ROW('Списки блоков'!$B$3)),0),0)),"","БДНС,") &IF(ISERROR(MATCH(1,INDEX(('Списки блоков'!$C$2:$C986=B44)*(ROW('Списки блоков'!$C$2:$C986)<>ROW('Списки блоков'!$C$3)),0),0)),"","Видеолаба,") &IF(ISERROR(MATCH(1,INDEX(('Списки блоков'!$D$2:$D986=B44)*(ROW('Списки блоков'!$D$2:$D986)<>ROW('Списки блоков'!$D$3)),0),0)),"","Декораторы,") &IF(ISERROR(MATCH(1,INDEX(('Списки блоков'!$E$2:$E986=B44)*(ROW('Списки блоков'!$E$2:$E986)<>ROW('Списки блоков'!$E$3)),0),0)),"","Дизайн,") &IF(ISERROR(MATCH(1,INDEX(('Списки блоков'!$F$2:$F986=B44)*(ROW('Списки блоков'!$F$2:$F986)<>ROW('Списки блоков'!$F$3)),0),0)),"","Досуг,") &IF(ISERROR(MATCH(1,INDEX(('Списки блоков'!$G$2:$G986=B44)*(ROW('Списки блоков'!$G$2:$G986)<>ROW('Списки блоков'!$G$3)),0),0)),"","Закупки,") &IF(ISERROR(MATCH(1,INDEX(('Списки блоков'!$H$2:$H986=B44)*(ROW('Списки блоков'!$H$2:$H986)<>ROW('Списки блоков'!$H$3)),0),0)),"","ИнфоБлок,") &IF(ISERROR(MATCH(1,INDEX(('Списки блоков'!$I$2:$I986=B44)*(ROW('Списки блоков'!$I$2:$I986)<>ROW('Списки блоков'!$I$3)),0),0)),"","КГ,") &IF(ISERROR(MATCH(1,INDEX(('Списки блоков'!$J$2:$J986=B44)*(ROW('Списки блоков'!$J$2:$J986)<>ROW('Списки блоков'!$J$3)),0),0)),"","МП,") &IF(ISERROR(MATCH(1,INDEX(('Списки блоков'!$K$2:$K986=B44)*(ROW('Списки блоков'!$K$2:$K986)<>ROW('Списки блоков'!$K$3)),0),0)),"","Профорги,") &IF(ISERROR(MATCH(1,INDEX(('Списки блоков'!$L$2:$L986=B44)*(ROW('Списки блоков'!$L$2:$L986)<>ROW('Списки блоков'!$L$3)),0),0)),"","Спонсоры,") &IF(ISERROR(MATCH(1,INDEX(('Списки блоков'!$M$2:$M986=B44)*(ROW('Списки блоков'!$M$2:$M986)<>ROW('Списки блоков'!$M$3)),0),0)),"","Склад,") &IF(ISERROR(MATCH(1,INDEX(('Списки блоков'!$N$2:$N986=B44)*(ROW('Списки блоков'!$N$2:$N986)<>ROW('Списки блоков'!$N$3)),0),0)),"","Сценаристы,") &IF(ISERROR(MATCH(1,INDEX(('Списки блоков'!$O$2:$O986=B44)*(ROW('Списки блоков'!$O$2:$O986)<>ROW('Списки блоков'!$O$3)),0),0)),"","Техники,") &IF(ISERROR(MATCH(1,INDEX(('Списки блоков'!$P$2:$P986=B44)*(ROW('Списки блоков'!$P$2:$P986)<>ROW('Списки блоков'!$P$3)),0),0)),"","УРС,") &IF(ISERROR(MATCH(1,INDEX(('Списки блоков'!$Q$2:$Q986=B44)*(ROW('Списки блоков'!$Q$2:$Q986)<>ROW('Списки блоков'!$Q$3)),0),0)),"","Фото,") &IF(ISERROR(MATCH(1,INDEX((#REF!=B44)*(ROW(#REF!)<>ROW(#REF!)),0),0)),"","ЭкоБлок,") &IF(ISERROR(MATCH(1,INDEX(('Списки блоков'!$R$2:$R986=B44)*(ROW('Списки блоков'!$R$2:$R986)<>ROW('Списки блоков'!$R$3)),0),0)),"","HR,") &IF(ISERROR(MATCH(1,INDEX(('Списки блоков'!$S$2:$S986=B44)*(ROW('Списки блоков'!$S$2:$S986)<>ROW('Списки блоков'!$S$3)),0),0)),"","Instagram,") &IF(ISERROR(MATCH(1,INDEX(('Списки блоков'!$T$2:$T986=B44)*(ROW('Списки блоков'!$T$2:$T986)<>ROW('Списки блоков'!$T$3)),0),0)),"","Zachёt,") &IF(ISERROR(MATCH(1,INDEX(('Списки блоков'!$U$2:$U986=B44)*(ROW('Списки блоков'!$U$2:$U986)<>ROW('Списки блоков'!$U$3)),0),0)),"","IT,") &IF(ISERROR(MATCH(1,INDEX(('Списки блоков'!$V$2:$V986=B44)*(ROW('Списки блоков'!$V$2:$V986)<>ROW('Списки блоков'!$V$3)),0),0)),"","ДК,")} -> Видеолаба,Техники, | F44: 89586641400 | G44: https://vk.com/mmmzoro | H44: https://t.me/z30rro | I44: mishka395648@gmail.com | J44: Бюджет
A45: Игинашева Вероника Сергеевна | B45: =LEFT(A45,FIND(CHAR(160),SUBSTITUTE(A45," ",CHAR(160),2)) - 1) -> Игинашева Вероника | C45: 113 | D45: ДСЛ | E45: {=IF(ISERROR(MATCH(1,INDEX(('Списки блоков'!$B$2:$B986=B45)*(ROW('Списки блоков'!$B$2:$B986)<>ROW('Списки блоков'!$B$3)),0),0)),"","БДНС,") &IF(ISERROR(MATCH(1,INDEX(('Списки блоков'!$C$2:$C986=B45)*(ROW('Списки блоков'!$C$2:$C986)<>ROW('Списки блоков'!$C$3)),0),0)),"","Видеолаба,") &IF(ISERROR(MATCH(1,INDEX(('Списки блоков'!$D$2:$D986=B45)*(ROW('Списки блоков'!$D$2:$D986)<>ROW('Списки блоков'!$D$3)),0),0)),"","Декораторы,") &IF(ISERROR(MATCH(1,INDEX(('Списки блоков'!$E$2:$E986=B45)*(ROW('Списки блоков'!$E$2:$E986)<>ROW('Списки блоков'!$E$3)),0),0)),"","Дизайн,") &IF(ISERROR(MATCH(1,INDEX(('Списки блоков'!$F$2:$F986=B45)*(ROW('Списки блоков'!$F$2:$F986)<>ROW('Списки блоков'!$F$3)),0),0)),"","Досуг,") &IF(ISERROR(MATCH(1,INDEX(('Списки блоков'!$G$2:$G986=B45)*(ROW('Списки блоков'!$G$2:$G986)<>ROW('Списки блоков'!$G$3)),0),0)),"","Закупки,") &IF(ISERROR(MATCH(1,INDEX(('Списки блоков'!$H$2:$H986=B45)*(ROW('Списки блоков'!$H$2:$H986)<>ROW('Списки блоков'!$H$3)),0),0)),"","ИнфоБлок,") &IF(ISERROR(MATCH(1,INDEX(('Списки блоков'!$I$2:$I986=B45)*(ROW('Списки блоков'!$I$2:$I986)<>ROW('Списки блоков'!$I$3)),0),0)),"","КГ,") &IF(ISERROR(MATCH(1,INDEX(('Списки блоков'!$J$2:$J986=B45)*(ROW('Списки блоков'!$J$2:$J986)<>ROW('Списки блоков'!$J$3)),0),0)),"","МП,") &IF(ISERROR(MATCH(1,INDEX(('Списки блоков'!$K$2:$K986=B45)*(ROW('Списки блоков'!$K$2:$K986)<>ROW('Списки блоков'!$K$3)),0),0)),"","Профорги,") &IF(ISERROR(MATCH(1,INDEX(('Списки блоков'!$L$2:$L986=B45)*(ROW('Списки блоков'!$L$2:$L986)<>ROW('Списки блоков'!$L$3)),0),0)),"","Спонсоры,") &IF(ISERROR(MATCH(1,INDEX(('Списки блоков'!$M$2:$M986=B45)*(ROW('Списки блоков'!$M$2:$M986)<>ROW('Списки блоков'!$M$3)),0),0)),"","Склад,") &IF(ISERROR(MATCH(1,INDEX(('Списки блоков'!$N$2:$N986=B45)*(ROW('Списки блоков'!$N$2:$N986)<>ROW('Списки блоков'!$N$3)),0),0)),"","Сценаристы,") &IF(ISERROR(MATCH(1,INDEX(('Списки блоков'!$O$2:$O986=B45)*(ROW('Списки блоков'!$O$2:$O986)<>ROW('Списки блоков'!$O$3)),0),0)),"","Техники,") &IF(ISERROR(MATCH(1,INDEX(('Списки блоков'!$P$2:$P986=B45)*(ROW('Списки блоков'!$P$2:$P986)<>ROW('Списки блоков'!$P$3)),0),0)),"","УРС,") &IF(ISERROR(MATCH(1,INDEX(('Списки блоков'!$Q$2:$Q986=B45)*(ROW('Списки блоков'!$Q$2:$Q986)<>ROW('Списки блоков'!$Q$3)),0),0)),"","Фото,") &IF(ISERROR(MATCH(1,INDEX((#REF!=B45)*(ROW(#REF!)<>ROW(#REF!)),0),0)),"","ЭкоБлок,") &IF(ISERROR(MATCH(1,INDEX(('Списки блоков'!$R$2:$R986=B45)*(ROW('Списки блоков'!$R$2:$R986)<>ROW('Списки блоков'!$R$3)),0),0)),"","HR,") &IF(ISERROR(MATCH(1,INDEX(('Списки блоков'!$S$2:$S986=B45)*(ROW('Списки блоков'!$S$2:$S986)<>ROW('Списки блоков'!$S$3)),0),0)),"","Instagram,") &IF(ISERROR(MATCH(1,INDEX(('Списки блоков'!$T$2:$T986=B45)*(ROW('Списки блоков'!$T$2:$T986)<>ROW('Списки блоков'!$T$3)),0),0)),"","Zachёt,") &IF(ISERROR(MATCH(1,INDEX(('Списки блоков'!$U$2:$U986=B45)*(ROW('Списки блоков'!$U$2:$U986)<>ROW('Списки блоков'!$U$3)),0),0)),"","IT,") &IF(ISERROR(MATCH(1,INDEX(('Списки блоков'!$V$2:$V986=B45)*(ROW('Списки блоков'!$V$2:$V986)<>ROW('Списки блоков'!$V$3)),0),0)),"","ДК,")} -> БДНС,Профорги,Техники,Фото,Zachёt, | F45: 89870515571 | G45: https://vk.com/veronika.great | H45: @nikoletta007 | I45: Veronika.iginasheva@gmail.com | J45: Бюджет
A46: Ильин Артем Дмитриевич | B46: Ильин Артем | C46: 104 | D46: Проспект Вернадского | E46: {=IF(ISERROR(MATCH(1,INDEX(('Списки блоков'!$B$2:$B986=B46)*(ROW('Списки блоков'!$B$2:$B986)<>ROW('Списки блоков'!$B$3)),0),0)),"","БДНС,") &IF(ISERROR(MATCH(1,INDEX(('Списки блоков'!$C$2:$C986=B46)*(ROW('Списки блоков'!$C$2:$C986)<>ROW('Списки блоков'!$C$3)),0),0)),"","Видеолаба,") &IF(ISERROR(MATCH(1,INDEX(('Списки блоков'!$D$2:$D986=B46)*(ROW('Списки блоков'!$D$2:$D986)<>ROW('Списки блоков'!$D$3)),0),0)),"","Декораторы,") &IF(ISERROR(MATCH(1,INDEX(('Списки блоков'!$E$2:$E986=B46)*(ROW('Списки блоков'!$E$2:$E986)<>ROW('Списки блоков'!$E$3)),0),0)),"","Дизайн,") &IF(ISERROR(MATCH(1,INDEX(('Списки блоков'!$F$2:$F986=B46)*(ROW('Списки блоков'!$F$2:$F986)<>ROW('Списки блоков'!$F$3)),0),0)),"","Досуг,") &IF(ISERROR(MATCH(1,INDEX(('Списки блоков'!$G$2:$G986=B46)*(ROW('Списки блоков'!$G$2:$G986)<>ROW('Списки блоков'!$G$3)),0),0)),"","Закупки,") &IF(ISERROR(MATCH(1,INDEX(('Списки блоков'!$H$2:$H986=B46)*(ROW('Списки блоков'!$H$2:$H986)<>ROW('Списки блоков'!$H$3)),0),0)),"","ИнфоБлок,") &IF(ISERROR(MATCH(1,INDEX(('Списки блоков'!$I$2:$I986=B46)*(ROW('Списки блоков'!$I$2:$I986)<>ROW('Списки блоков'!$I$3)),0),0)),"","КГ,") &IF(ISERROR(MATCH(1,INDEX(('Списки блоков'!$J$2:$J986=B46)*(ROW('Списки блоков'!$J$2:$J986)<>ROW('Списки блоков'!$J$3)),0),0)),"","МП,") &IF(ISERROR(MATCH(1,INDEX(('Списки блоков'!$K$2:$K986=B46)*(ROW('Списки блоков'!$K$2:$K986)<>ROW('Списки блоков'!$K$3)),0),0)),"","Профорги,") &IF(ISERROR(MATCH(1,INDEX(('Списки блоков'!$L$2:$L986=B46)*(ROW('Списки блоков'!$L$2:$L986)<>ROW('Списки блоков'!$L$3)),0),0)),"","Спонсоры,") &IF(ISERROR(MATCH(1,INDEX(('Списки блоков'!$M$2:$M986=B46)*(ROW('Списки блоков'!$M$2:$M986)<>ROW('Списки блоков'!$M$3)),0),0)),"","Склад,") &IF(ISERROR(MATCH(1,INDEX(('Списки блоков'!$N$2:$N986=B46)*(ROW('Списки блоков'!$N$2:$N986)<>ROW('Списки блоков'!$N$3)),0),0)),"","Сценаристы,") &IF(ISERROR(MATCH(1,INDEX(('Списки блоков'!$O$2:$O986=B46)*(ROW('Списки блоков'!$O$2:$O986)<>ROW('Списки блоков'!$O$3)),0),0)),"","Техники,") &IF(ISERROR(MATCH(1,INDEX(('Списки блоков'!$P$2:$P986=B46)*(ROW('Списки блоков'!$P$2:$P986)<>ROW('Списки блоков'!$P$3)),0),0)),"","УРС,") &IF(ISERROR(MATCH(1,INDEX(('Списки блоков'!$Q$2:$Q986=B46)*(ROW('Списки блоков'!$Q$2:$Q986)<>ROW('Списки блоков'!$Q$3)),0),0)),"","Фото,") &IF(ISERROR(MATCH(1,INDEX((#REF!=B46)*(ROW(#REF!)<>ROW(#REF!)),0),0)),"","ЭкоБлок,") &IF(ISERROR(MATCH(1,INDEX(('Списки блоков'!$R$2:$R986=B46)*(ROW('Списки блоков'!$R$2:$R986)<>ROW('Списки блоков'!$R$3)),0),0)),"","HR,") &IF(ISERROR(MATCH(1,INDEX(('Списки блоков'!$S$2:$S986=B46)*(ROW('Списки блоков'!$S$2:$S986)<>ROW('Списки блоков'!$S$3)),0),0)),"","Instagram,") &IF(ISERROR(MATCH(1,INDEX(('Списки блоков'!$T$2:$T986=B46)*(ROW('Списки блоков'!$T$2:$T986)<>ROW('Списки блоков'!$T$3)),0),0)),"","Zachёt,") &IF(ISERROR(MATCH(1,INDEX(('Списки блоков'!$U$2:$U986=B46)*(ROW('Списки блоков'!$U$2:$U986)<>ROW('Списки блоков'!$U$3)),0),0)),"","IT,") &IF(ISERROR(MATCH(1,INDEX(('Списки блоков'!$V$2:$V986=B46)*(ROW('Списки блоков'!$V$2:$V986)<>ROW('Списки блоков'!$V$3)),0),0)),"","ДК,")} -> ДК, | F46: 89961669068 | G46: https://vk.com/universe103 | H46: @CULTOFD | I46: Artem.ilin.0405@gmail.com | J46: Бюджет
A47: Казарян Тигран Ашотович | B47: =LEFT(A47,FIND(CHAR(160),SUBSTITUTE(A47," ",CHAR(160),2)) - 1) -> Казарян Тигран | C47: 208 | D47: ДСЛ | E47: {=IF(ISERROR(MATCH(1,INDEX(('Списки блоков'!$B$2:$B986=B47)*(ROW('Списки блоков'!$B$2:$B986)<>ROW('Списки блоков'!$B$3)),0),0)),"","БДНС,") &IF(ISERROR(MATCH(1,INDEX(('Списки блоков'!$C$2:$C986=B47)*(ROW('Списки блоков'!$C$2:$C986)<>ROW('Списки блоков'!$C$3)),0),0)),"","Видеолаба,") &IF(ISERROR(MATCH(1,INDEX(('Списки блоков'!$D$2:$D986=B47)*(ROW('Списки блоков'!$D$2:$D986)<>ROW('Списки блоков'!$D$3)),0),0)),"","Декораторы,") &IF(ISERROR(MATCH(1,INDEX(('Списки блоков'!$E$2:$E986=B47)*(ROW('Списки блоков'!$E$2:$E986)<>ROW('Списки блоков'!$E$3)),0),0)),"","Дизайн,") &IF(ISERROR(MATCH(1,INDEX(('Списки блоков'!$F$2:$F986=B47)*(ROW('Списки блоков'!$F$2:$F986)<>ROW('Списки блоков'!$F$3)),0),0)),"","Досуг,") &IF(ISERROR(MATCH(1,INDEX(('Списки блоков'!$G$2:$G986=B47)*(ROW('Списки блоков'!$G$2:$G986)<>ROW('Списки блоков'!$G$3)),0),0)),"","Закупки,") &IF(ISERROR(MATCH(1,INDEX(('Списки блоков'!$H$2:$H986=B47)*(ROW('Списки блоков'!$H$2:$H986)<>ROW('Списки блоков'!$H$3)),0),0)),"","ИнфоБлок,") &IF(ISERROR(MATCH(1,INDEX(('Списки блоков'!$I$2:$I986=B47)*(ROW('Списки блоков'!$I$2:$I986)<>ROW('Списки блоков'!$I$3)),0),0)),"","КГ,") &IF(ISERROR(MATCH(1,INDEX(('Списки блоков'!$J$2:$J986=B47)*(ROW('Списки блоков'!$J$2:$J986)<>ROW('Списки блоков'!$J$3)),0),0)),"","МП,") &IF(ISERROR(MATCH(1,INDEX(('Списки блоков'!$K$2:$K986=B47)*(ROW('Списки блоков'!$K$2:$K986)<>ROW('Списки блоков'!$K$3)),0),0)),"","Профорги,") &IF(ISERROR(MATCH(1,INDEX(('Списки блоков'!$L$2:$L986=B47)*(ROW('Списки блоков'!$L$2:$L986)<>ROW('Списки блоков'!$L$3)),0),0)),"","Спонсоры,") &IF(ISERROR(MATCH(1,INDEX(('Списки блоков'!$M$2:$M986=B47)*(ROW('Списки блоков'!$M$2:$M986)<>ROW('Списки блоков'!$M$3)),0),0)),"","Склад,") &IF(ISERROR(MATCH(1,INDEX(('Списки блоков'!$N$2:$N986=B47)*(ROW('Списки блоков'!$N$2:$N986)<>ROW('Списки блоков'!$N$3)),0),0)),"","Сценаристы,") &IF(ISERROR(MATCH(1,INDEX(('Списки блоков'!$O$2:$O986=B47)*(ROW('Списки блоков'!$O$2:$O986)<>ROW('Списки блоков'!$O$3)),0),0)),"","Техники,") &IF(ISERROR(MATCH(1,INDEX(('Списки блоков'!$P$2:$P986=B47)*(ROW('Списки блоков'!$P$2:$P986)<>ROW('Списки блоков'!$P$3)),0),0)),"","УРС,") &IF(ISERROR(MATCH(1,INDEX(('Списки блоков'!$Q$2:$Q986=B47)*(ROW('Списки блоков'!$Q$2:$Q986)<>ROW('Списки блоков'!$Q$3)),0),0)),"","Фото,") &IF(ISERROR(MATCH(1,INDEX((#REF!=B47)*(ROW(#REF!)<>ROW(#REF!)),0),0)),"","ЭкоБлок,") &IF(ISERROR(MATCH(1,INDEX(('Списки блоков'!$R$2:$R986=B47)*(ROW('Списки блоков'!$R$2:$R986)<>ROW('Списки блоков'!$R$3)),0),0)),"","HR,") &IF(ISERROR(MATCH(1,INDEX(('Списки блоков'!$S$2:$S986=B47)*(ROW('Списки блоков'!$S$2:$S986)<>ROW('Списки блоков'!$S$3)),0),0)),"","Instagram,") &IF(ISERROR(MATCH(1,INDEX(('Списки блоков'!$T$2:$T986=B47)*(ROW('Списки блоков'!$T$2:$T986)<>ROW('Списки блоков'!$T$3)),0),0)),"","Zachёt,") &IF(ISERROR(MATCH(1,INDEX(('Списки блоков'!$U$2:$U986=B47)*(ROW('Списки блоков'!$U$2:$U986)<>ROW('Списки блоков'!$U$3)),0),0)),"","IT,") &IF(ISERROR(MATCH(1,INDEX(('Списки блоков'!$V$2:$V986=B47)*(ROW('Списки блоков'!$V$2:$V986)<>ROW('Списки блоков'!$V$3)),0),0)),"","ДК,")} -> Видеолаба, | F47: 89203294501 | G47: https://vk.com/id332309086 | H47: t.me/mccfluriee | I47: t.ghazaryan147@gmail.com | J47: Бюджет
A48: Касаткин Максим Алексеевич | B48: =LEFT(A48,FIND(CHAR(160),SUBSTITUTE(A48," ",CHAR(160),2)) - 1) -> Касаткин Максим | C48: 101 | D48: ДСЛ | E48: {=IF(ISERROR(MATCH(1,INDEX(('Списки блоков'!$B$2:$B986=B48)*(ROW('Списки блоков'!$B$2:$B986)<>ROW('Списки блоков'!$B$3)),0),0)),"","БДНС,") &IF(ISERROR(MATCH(1,INDEX(('Списки блоков'!$C$2:$C986=B48)*(ROW('Списки блоков'!$C$2:$C986)<>ROW('Списки блоков'!$C$3)),0),0)),"","Видеолаба,") &IF(ISERROR(MATCH(1,INDEX(('Списки блоков'!$D$2:$D986=B48)*(ROW('Списки блоков'!$D$2:$D986)<>ROW('Списки блоков'!$D$3)),0),0)),"","Декораторы,") &IF(ISERROR(MATCH(1,INDEX(('Списки блоков'!$E$2:$E986=B48)*(ROW('Списки блоков'!$E$2:$E986)<>ROW('Списки блоков'!$E$3)),0),0)),"","Дизайн,") &IF(ISERROR(MATCH(1,INDEX(('Списки блоков'!$F$2:$F986=B48)*(ROW('Списки блоков'!$F$2:$F986)<>ROW('Списки блоков'!$F$3)),0),0)),"","Досуг,") &IF(ISERROR(MATCH(1,INDEX(('Списки блоков'!$G$2:$G986=B48)*(ROW('Списки блоков'!$G$2:$G986)<>ROW('Списки блоков'!$G$3)),0),0)),"","Закупки,") &IF(ISERROR(MATCH(1,INDEX(('Списки блоков'!$H$2:$H986=B48)*(ROW('Списки блоков'!$H$2:$H986)<>ROW('Списки блоков'!$H$3)),0),0)),"","ИнфоБлок,") &IF(ISERROR(MATCH(1,INDEX(('Списки блоков'!$I$2:$I986=B48)*(ROW('Списки блоков'!$I$2:$I986)<>ROW('Списки блоков'!$I$3)),0),0)),"","КГ,") &IF(ISERROR(MATCH(1,INDEX(('Списки блоков'!$J$2:$J986=B48)*(ROW('Списки блоков'!$J$2:$J986)<>ROW('Списки блоков'!$J$3)),0),0)),"","МП,") &IF(ISERROR(MATCH(1,INDEX(('Списки блоков'!$K$2:$K986=B48)*(ROW('Списки блоков'!$K$2:$K986)<>ROW('Списки блоков'!$K$3)),0),0)),"","Профорги,") &IF(ISERROR(MATCH(1,INDEX(('Списки блоков'!$L$2:$L986=B48)*(ROW('Списки блоков'!$L$2:$L986)<>ROW('Списки блоков'!$L$3)),0),0)),"","Спонсоры,") &IF(ISERROR(MATCH(1,INDEX(('Списки блоков'!$M$2:$M986=B48)*(ROW('Списки блоков'!$M$2:$M986)<>ROW('Списки блоков'!$M$3)),0),0)),"","Склад,") &IF(ISERROR(MATCH(1,INDEX(('Списки блоков'!$N$2:$N986=B48)*(ROW('Списки блоков'!$N$2:$N986)<>ROW('Списки блоков'!$N$3)),0),0)),"","Сценаристы,") &IF(ISERROR(MATCH(1,INDEX(('Списки блоков'!$O$2:$O986=B48)*(ROW('Списки блоков'!$O$2:$O986)<>ROW('Списки блоков'!$O$3)),0),0)),"","Техники,") &IF(ISERROR(MATCH(1,INDEX(('Списки блоков'!$P$2:$P986=B48)*(ROW('Списки блоков'!$P$2:$P986)<>ROW('Списки блоков'!$P$3)),0),0)),"","УРС,") &IF(ISERROR(MATCH(1,INDEX(('Списки блоков'!$Q$2:$Q986=B48)*(ROW('Списки блоков'!$Q$2:$Q986)<>ROW('Списки блоков'!$Q$3)),0),0)),"","Фото,") &IF(ISERROR(MATCH(1,INDEX((#REF!=B48)*(ROW(#REF!)<>ROW(#REF!)),0),0)),"","ЭкоБлок,") &IF(ISERROR(MATCH(1,INDEX(('Списки блоков'!$R$2:$R986=B48)*(ROW('Списки блоков'!$R$2:$R986)<>ROW('Списки блоков'!$R$3)),0),0)),"","HR,") &IF(ISERROR(MATCH(1,INDEX(('Списки блоков'!$S$2:$S986=B48)*(ROW('Списки блоков'!$S$2:$S986)<>ROW('Списки блоков'!$S$3)),0),0)),"","Instagram,") &IF(ISERROR(MATCH(1,INDEX(('Списки блоков'!$T$2:$T986=B48)*(ROW('Списки блоков'!$T$2:$T986)<>ROW('Списки блоков'!$T$3)),0),0)),"","Zachёt,") &IF(ISERROR(MATCH(1,INDEX(('Списки блоков'!$U$2:$U986=B48)*(ROW('Списки блоков'!$U$2:$U986)<>ROW('Списки блоков'!$U$3)),0),0)),"","IT,") &IF(ISERROR(MATCH(1,INDEX(('Списки блоков'!$V$2:$V986=B48)*(ROW('Списки блоков'!$V$2:$V986)<>ROW('Списки блоков'!$V$3)),0),0)),"","ДК,")} -> Дизайн, | F48: +7 (999) 283-17-23 | G48: https://vk.ru/kasmaxim | H48: https://t.me/kasmaxim | I48: mr.kasatkinma@gmail.com | J48: Бюджет
A49: Кашкин Роман Алексеевич | B49: =LEFT(A49,FIND(CHAR(160),SUBSTITUTE(A49," ",CHAR(160),2)) - 1) -> Кашкин Роман | C49: 328 | D49: Метро Ломоносовский проспект | E49: {=IF(ISERROR(MATCH(1,INDEX(('Списки блоков'!$B$2:$B986=B49)*(ROW('Списки блоков'!$B$2:$B986)<>ROW('Списки блоков'!$B$3)),0),0)),"","БДНС,") &IF(ISERROR(MATCH(1,INDEX(('Списки блоков'!$C$2:$C986=B49)*(ROW('Списки блоков'!$C$2:$C986)<>ROW('Списки блоков'!$C$3)),0),0)),"","Видеолаба,") &IF(ISERROR(MATCH(1,INDEX(('Списки блоков'!$D$2:$D986=B49)*(ROW('Списки блоков'!$D$2:$D986)<>ROW('Списки блоков'!$D$3)),0),0)),"","Декораторы,") &IF(ISERROR(MATCH(1,INDEX(('Списки блоков'!$E$2:$E986=B49)*(ROW('Списки блоков'!$E$2:$E986)<>ROW('Списки блоков'!$E$3)),0),0)),"","Дизайн,") &IF(ISERROR(MATCH(1,INDEX(('Списки блоков'!$F$2:$F986=B49)*(ROW('Списки блоков'!$F$2:$F986)<>ROW('Списки блоков'!$F$3)),0),0)),"","Досуг,") &IF(ISERROR(MATCH(1,INDEX(('Списки блоков'!$G$2:$G986=B49)*(ROW('Списки блоков'!$G$2:$G986)<>ROW('Списки блоков'!$G$3)),0),0)),"","Закупки,") &IF(ISERROR(MATCH(1,INDEX(('Списки блоков'!$H$2:$H986=B49)*(ROW('Списки блоков'!$H$2:$H986)<>ROW('Списки блоков'!$H$3)),0),0)),"","ИнфоБлок,") &IF(ISERROR(MATCH(1,INDEX(('Списки блоков'!$I$2:$I986=B49)*(ROW('Списки блоков'!$I$2:$I986)<>ROW('Списки блоков'!$I$3)),0),0)),"","КГ,") &IF(ISERROR(MATCH(1,INDEX(('Списки блоков'!$J$2:$J986=B49)*(ROW('Списки блоков'!$J$2:$J986)<>ROW('Списки блоков'!$J$3)),0),0)),"","МП,") &IF(ISERROR(MATCH(1,INDEX(('Списки блоков'!$K$2:$K986=B49)*(ROW('Списки блоков'!$K$2:$K986)<>ROW('Списки блоков'!$K$3)),0),0)),"","Профорги,") &IF(ISERROR(MATCH(1,INDEX(('Списки блоков'!$L$2:$L986=B49)*(ROW('Списки блоков'!$L$2:$L986)<>ROW('Списки блоков'!$L$3)),0),0)),"","Спонсоры,") &IF(ISERROR(MATCH(1,INDEX(('Списки блоков'!$M$2:$M986=B49)*(ROW('Списки блоков'!$M$2:$M986)<>ROW('Списки блоков'!$M$3)),0),0)),"","Склад,") &IF(ISERROR(MATCH(1,INDEX(('Списки блоков'!$N$2:$N986=B49)*(ROW('Списки блоков'!$N$2:$N986)<>ROW('Списки блоков'!$N$3)),0),0)),"","Сценаристы,") &IF(ISERROR(MATCH(1,INDEX(('Списки блоков'!$O$2:$O986=B49)*(ROW('Списки блоков'!$O$2:$O986)<>ROW('Списки блоков'!$O$3)),0),0)),"","Техники,") &IF(ISERROR(MATCH(1,INDEX(('Списки блоков'!$P$2:$P986=B49)*(ROW('Списки блоков'!$P$2:$P986)<>ROW('Списки блоков'!$P$3)),0),0)),"","УРС,") &IF(ISERROR(MATCH(1,INDEX(('Списки блоков'!$Q$2:$Q986=B49)*(ROW('Списки блоков'!$Q$2:$Q986)<>ROW('Списки блоков'!$Q$3)),0),0)),"","Фото,") &IF(ISERROR(MATCH(1,INDEX((#REF!=B49)*(ROW(#REF!)<>ROW(#REF!)),0),0)),"","ЭкоБлок,") &IF(ISERROR(MATCH(1,INDEX(('Списки блоков'!$R$2:$R986=B49)*(ROW('Списки блоков'!$R$2:$R986)<>ROW('Списки блоков'!$R$3)),0),0)),"","HR,") &IF(ISERROR(MATCH(1,INDEX(('Списки блоков'!$S$2:$S986=B49)*(ROW('Списки блоков'!$S$2:$S986)<>ROW('Списки блоков'!$S$3)),0),0)),"","Instagram,") &IF(ISERROR(MATCH(1,INDEX(('Списки блоков'!$T$2:$T986=B49)*(ROW('Списки блоков'!$T$2:$T986)<>ROW('Списки блоков'!$T$3)),0),0)),"","Zachёt,") &IF(ISERROR(MATCH(1,INDEX(('Списки блоков'!$U$2:$U986=B49)*(ROW('Списки блоков'!$U$2:$U986)<>ROW('Списки блоков'!$U$3)),0),0)),"","IT,") &IF(ISERROR(MATCH(1,INDEX(('Списки блоков'!$V$2:$V986=B49)*(ROW('Списки блоков'!$V$2:$V986)<>ROW('Списки блоков'!$V$3)),0),0)),"","ДК,")} -> Досуг,Сценаристы,Фото, | F49: 89250261065 | G49: https://vk.com/nuxai_bebrur | H49: @Kashkin_RA | I49: dartberror@gmail.com | J49: Бюджет
A50: Кизласова Маргарита Сергеевна | B50: =LEFT(A50,FIND(CHAR(160),SUBSTITUTE(A50," ",CHAR(160),2)) - 1) -> Кизласова Маргарита | C50: 207 | D50: ДСЛ | E50: {=IF(ISERROR(MATCH(1,INDEX(('Списки блоков'!$B$2:$B986=B50)*(ROW('Списки блоков'!$B$2:$B986)<>ROW('Списки блоков'!$B$3)),0),0)),"","БДНС,") &IF(ISERROR(MATCH(1,INDEX(('Списки блоков'!$C$2:$C986=B50)*(ROW('Списки блоков'!$C$2:$C986)<>ROW('Списки блоков'!$C$3)),0),0)),"","Видеолаба,") &IF(ISERROR(MATCH(1,INDEX(('Списки блоков'!$D$2:$D986=B50)*(ROW('Списки блоков'!$D$2:$D986)<>ROW('Списки блоков'!$D$3)),0),0)),"","Декораторы,") &IF(ISERROR(MATCH(1,INDEX(('Списки блоков'!$E$2:$E986=B50)*(ROW('Списки блоков'!$E$2:$E986)<>ROW('Списки блоков'!$E$3)),0),0)),"","Дизайн,") &IF(ISERROR(MATCH(1,INDEX(('Списки блоков'!$F$2:$F986=B50)*(ROW('Списки блоков'!$F$2:$F986)<>ROW('Списки блоков'!$F$3)),0),0)),"","Досуг,") &IF(ISERROR(MATCH(1,INDEX(('Списки блоков'!$G$2:$G986=B50)*(ROW('Списки блоков'!$G$2:$G986)<>ROW('Списки блоков'!$G$3)),0),0)),"","Закупки,") &IF(ISERROR(MATCH(1,INDEX(('Списки блоков'!$H$2:$H986=B50)*(ROW('Списки блоков'!$H$2:$H986)<>ROW('Списки блоков'!$H$3)),0),0)),"","ИнфоБлок,") &IF(ISERROR(MATCH(1,INDEX(('Списки блоков'!$I$2:$I986=B50)*(ROW('Списки блоков'!$I$2:$I986)<>ROW('Списки блоков'!$I$3)),0),0)),"","КГ,") &IF(ISERROR(MATCH(1,INDEX(('Списки блоков'!$J$2:$J986=B50)*(ROW('Списки блоков'!$J$2:$J986)<>ROW('Списки блоков'!$J$3)),0),0)),"","МП,") &IF(ISERROR(MATCH(1,INDEX(('Списки блоков'!$K$2:$K986=B50)*(ROW('Списки блоков'!$K$2:$K986)<>ROW('Списки блоков'!$K$3)),0),0)),"","Профорги,") &IF(ISERROR(MATCH(1,INDEX(('Списки блоков'!$L$2:$L986=B50)*(ROW('Списки блоков'!$L$2:$L986)<>ROW('Списки блоков'!$L$3)),0),0)),"","Спонсоры,") &IF(ISERROR(MATCH(1,INDEX(('Списки блоков'!$M$2:$M986=B50)*(ROW('Списки блоков'!$M$2:$M986)<>ROW('Списки блоков'!$M$3)),0),0)),"","Склад,") &IF(ISERROR(MATCH(1,INDEX(('Списки блоков'!$N$2:$N986=B50)*(ROW('Списки блоков'!$N$2:$N986)<>ROW('Списки блоков'!$N$3)),0),0)),"","Сценаристы,") &IF(ISERROR(MATCH(1,INDEX(('Списки блоков'!$O$2:$O986=B50)*(ROW('Списки блоков'!$O$2:$O986)<>ROW('Списки блоков'!$O$3)),0),0)),"","Техники,") &IF(ISERROR(MATCH(1,INDEX(('Списки блоков'!$P$2:$P986=B50)*(ROW('Списки блоков'!$P$2:$P986)<>ROW('Списки блоков'!$P$3)),0),0)),"","УРС,") &IF(ISERROR(MATCH(1,INDEX(('Списки блоков'!$Q$2:$Q986=B50)*(ROW('Списки блоков'!$Q$2:$Q986)<>ROW('Списки блоков'!$Q$3)),0),0)),"","Фото,") &IF(ISERROR(MATCH(1,INDEX((#REF!=B50)*(ROW(#REF!)<>ROW(#REF!)),0),0)),"","ЭкоБлок,") &IF(ISERROR(MATCH(1,INDEX(('Списки блоков'!$R$2:$R986=B50)*(ROW('Списки блоков'!$R$2:$R986)<>ROW('Списки блоков'!$R$3)),0),0)),"","HR,") &IF(ISERROR(MATCH(1,INDEX(('Списки блоков'!$S$2:$S986=B50)*(ROW('Списки блоков'!$S$2:$S986)<>ROW('Списки блоков'!$S$3)),0),0)),"","Instagram,") &IF(ISERROR(MATCH(1,INDEX(('Списки блоков'!$T$2:$T986=B50)*(ROW('Списки блоков'!$T$2:$T986)<>ROW('Списки блоков'!$T$3)),0),0)),"","Zachёt,") &IF(ISERROR(MATCH(1,INDEX(('Списки блоков'!$U$2:$U986=B50)*(ROW('Списки блоков'!$U$2:$U986)<>ROW('Списки блоков'!$U$3)),0),0)),"","IT,") &IF(ISERROR(MATCH(1,INDEX(('Списки блоков'!$V$2:$V986=B50)*(ROW('Списки блоков'!$V$2:$V986)<>ROW('Списки блоков'!$V$3)),0),0)),"","ДК,")} -> Закупки,ИнфоБлок, | F50: 89241011853 | G50: https://vk.com/margarita.kizl | H50: @marmarkiz | I50: margo555cat@gmail.com | J50: Бюджет
A51: Коднир Михаил Леонидович | B51: =LEFT(A51,FIND(CHAR(160),SUBSTITUTE(A51," ",CHAR(160),2)) - 1) -> Коднир Михаил | C51: 215 | D51: М. ВДНХ | E51: {=IF(ISERROR(MATCH(1,INDEX(('Списки блоков'!$B$2:$B986=B51)*(ROW('Списки блоков'!$B$2:$B986)<>ROW('Списки блоков'!$B$3)),0),0)),"","БДНС,") &IF(ISERROR(MATCH(1,INDEX(('Списки блоков'!$C$2:$C986=B51)*(ROW('Списки блоков'!$C$2:$C986)<>ROW('Списки блоков'!$C$3)),0),0)),"","Видеолаба,") &IF(ISERROR(MATCH(1,INDEX(('Списки блоков'!$D$2:$D986=B51)*(ROW('Списки блоков'!$D$2:$D986)<>ROW('Списки блоков'!$D$3)),0),0)),"","Декораторы,") &IF(ISERROR(MATCH(1,INDEX(('Списки блоков'!$E$2:$E986=B51)*(ROW('Списки блоков'!$E$2:$E986)<>ROW('Списки блоков'!$E$3)),0),0)),"","Дизайн,") &IF(ISERROR(MATCH(1,INDEX(('Списки блоков'!$F$2:$F986=B51)*(ROW('Списки блоков'!$F$2:$F986)<>ROW('Списки блоков'!$F$3)),0),0)),"","Досуг,") &IF(ISERROR(MATCH(1,INDEX(('Списки блоков'!$G$2:$G986=B51)*(ROW('Списки блоков'!$G$2:$G986)<>ROW('Списки блоков'!$G$3)),0),0)),"","Закупки,") &IF(ISERROR(MATCH(1,INDEX(('Списки блоков'!$H$2:$H986=B51)*(ROW('Списки блоков'!$H$2:$H986)<>ROW('Списки блоков'!$H$3)),0),0)),"","ИнфоБлок,") &IF(ISERROR(MATCH(1,INDEX(('Списки блоков'!$I$2:$I986=B51)*(ROW('Списки блоков'!$I$2:$I986)<>ROW('Списки блоков'!$I$3)),0),0)),"","КГ,") &IF(ISERROR(MATCH(1,INDEX(('Списки блоков'!$J$2:$J986=B51)*(ROW('Списки блоков'!$J$2:$J986)<>ROW('Списки блоков'!$J$3)),0),0)),"","МП,") &IF(ISERROR(MATCH(1,INDEX(('Списки блоков'!$K$2:$K986=B51)*(ROW('Списки блоков'!$K$2:$K986)<>ROW('Списки блоков'!$K$3)),0),0)),"","Профорги,") &IF(ISERROR(MATCH(1,INDEX(('Списки блоков'!$L$2:$L986=B51)*(ROW('Списки блоков'!$L$2:$L986)<>ROW('Списки блоков'!$L$3)),0),0)),"","Спонсоры,") &IF(ISERROR(MATCH(1,INDEX(('Списки блоков'!$M$2:$M986=B51)*(ROW('Списки блоков'!$M$2:$M986)<>ROW('Списки блоков'!$M$3)),0),0)),"","Склад,") &IF(ISERROR(MATCH(1,INDEX(('Списки блоков'!$N$2:$N986=B51)*(ROW('Списки блоков'!$N$2:$N986)<>ROW('Списки блоков'!$N$3)),0),0)),"","Сценаристы,") &IF(ISERROR(MATCH(1,INDEX(('Списки блоков'!$O$2:$O986=B51)*(ROW('Списки блоков'!$O$2:$O986)<>ROW('Списки блоков'!$O$3)),0),0)),"","Техники,") &IF(ISERROR(MATCH(1,INDEX(('Списки блоков'!$P$2:$P986=B51)*(ROW('Списки блоков'!$P$2:$P986)<>ROW('Списки блоков'!$P$3)),0),0)),"","УРС,") &IF(ISERROR(MATCH(1,INDEX(('Списки блоков'!$Q$2:$Q986=B51)*(ROW('Списки блоков'!$Q$2:$Q986)<>ROW('Списки блоков'!$Q$3)),0),0)),"","Фото,") &IF(ISERROR(MATCH(1,INDEX((#REF!=B51)*(ROW(#REF!)<>ROW(#REF!)),0),0)),"","ЭкоБлок,") &IF(ISERROR(MATCH(1,INDEX(('Списки блоков'!$R$2:$R986=B51)*(ROW('Списки блоков'!$R$2:$R986)<>ROW('Списки блоков'!$R$3)),0),0)),"","HR,") &IF(ISERROR(MATCH(1,INDEX(('Списки блоков'!$S$2:$S986=B51)*(ROW('Списки блоков'!$S$2:$S986)<>ROW('Списки блоков'!$S$3)),0),0)),"","Instagram,") &IF(ISERROR(MATCH(1,INDEX(('Списки блоков'!$T$2:$T986=B51)*(ROW('Списки блоков'!$T$2:$T986)<>ROW('Списки блоков'!$T$3)),0),0)),"","Zachёt,") &IF(ISERROR(MATCH(1,INDEX(('Списки блоков'!$U$2:$U986=B51)*(ROW('Списки блоков'!$U$2:$U986)<>ROW('Списки блоков'!$U$3)),0),0)),"","IT,") &IF(ISERROR(MATCH(1,INDEX(('Списки блоков'!$V$2:$V986=B51)*(ROW('Списки блоков'!$V$2:$V986)<>ROW('Списки блоков'!$V$3)),0),0)),"","ДК,")} -> Досуг,Спонсоры,ДК, | F51: 89167395906 | G51: https://vk.com/m1sh2ka | H51: @M1sh2ka | I51: master1555se@gmail.com | J51: Бюджет
A52: Кожевникова Мария Владимировна | B52: =LEFT(A52,FIND(CHAR(160),SUBSTITUTE(A52," ",CHAR(160),2)) - 1) -> Кожевникова Мария | C52: 218 | D52: МО,г.Королев, станция Подлипки-Дачные | E52: {=IF(ISERROR(MATCH(1,INDEX(('Списки блоков'!$B$2:$B986=B52)*(ROW('Списки блоков'!$B$2:$B986)<>ROW('Списки блоков'!$B$3)),0),0)),"","БДНС,") &IF(ISERROR(MATCH(1,INDEX(('Списки блоков'!$C$2:$C986=B52)*(ROW('Списки блоков'!$C$2:$C986)<>ROW('Списки блоков'!$C$3)),0),0)),"","Видеолаба,") &IF(ISERROR(MATCH(1,INDEX(('Списки блоков'!$D$2:$D986=B52)*(ROW('Списки блоков'!$D$2:$D986)<>ROW('Списки блоков'!$D$3)),0),0)),"","Декораторы,") &IF(ISERROR(MATCH(1,INDEX(('Списки блоков'!$E$2:$E986=B52)*(ROW('Списки блоков'!$E$2:$E986)<>ROW('Списки блоков'!$E$3)),0),0)),"","Дизайн,") &IF(ISERROR(MATCH(1,INDEX(('Списки блоков'!$F$2:$F986=B52)*(ROW('Списки блоков'!$F$2:$F986)<>ROW('Списки блоков'!$F$3)),0),0)),"","Досуг,") &IF(ISERROR(MATCH(1,INDEX(('Списки блоков'!$G$2:$G986=B52)*(ROW('Списки блоков'!$G$2:$G986)<>ROW('Списки блоков'!$G$3)),0),0)),"","Закупки,") &IF(ISERROR(MATCH(1,INDEX(('Списки блоков'!$H$2:$H986=B52)*(ROW('Списки блоков'!$H$2:$H986)<>ROW('Списки блоков'!$H$3)),0),0)),"","ИнфоБлок,") &IF(ISERROR(MATCH(1,INDEX(('Списки блоков'!$I$2:$I986=B52)*(ROW('Списки блоков'!$I$2:$I986)<>ROW('Списки блоков'!$I$3)),0),0)),"","КГ,") &IF(ISERROR(MATCH(1,INDEX(('Списки блоков'!$J$2:$J986=B52)*(ROW('Списки блоков'!$J$2:$J986)<>ROW('Списки блоков'!$J$3)),0),0)),"","МП,") &IF(ISERROR(MATCH(1,INDEX(('Списки блоков'!$K$2:$K986=B52)*(ROW('Списки блоков'!$K$2:$K986)<>ROW('Списки блоков'!$K$3)),0),0)),"","Профорги,") &IF(ISERROR(MATCH(1,INDEX(('Списки блоков'!$L$2:$L986=B52)*(ROW('Списки блоков'!$L$2:$L986)<>ROW('Списки блоков'!$L$3)),0),0)),"","Спонсоры,") &IF(ISERROR(MATCH(1,INDEX(('Списки блоков'!$M$2:$M986=B52)*(ROW('Списки блоков'!$M$2:$M986)<>ROW('Списки блоков'!$M$3)),0),0)),"","Склад,") &IF(ISERROR(MATCH(1,INDEX(('Списки блоков'!$N$2:$N986=B52)*(ROW('Списки блоков'!$N$2:$N986)<>ROW('Списки блоков'!$N$3)),0),0)),"","Сценаристы,") &IF(ISERROR(MATCH(1,INDEX(('Списки блоков'!$O$2:$O986=B52)*(ROW('Списки блоков'!$O$2:$O986)<>ROW('Списки блоков'!$O$3)),0),0)),"","Техники,") &IF(ISERROR(MATCH(1,INDEX(('Списки блоков'!$P$2:$P986=B52)*(ROW('Списки блоков'!$P$2:$P986)<>ROW('Списки блоков'!$P$3)),0),0)),"","УРС,") &IF(ISERROR(MATCH(1,INDEX(('Списки блоков'!$Q$2:$Q986=B52)*(ROW('Списки блоков'!$Q$2:$Q986)<>ROW('Списки блоков'!$Q$3)),0),0)),"","Фото,") &IF(ISERROR(MATCH(1,INDEX((#REF!=B52)*(ROW(#REF!)<>ROW(#REF!)),0),0)),"","ЭкоБлок,") &IF(ISERROR(MATCH(1,INDEX(('Списки блоков'!$R$2:$R986=B52)*(ROW('Списки блоков'!$R$2:$R986)<>ROW('Списки блоков'!$R$3)),0),0)),"","HR,") &IF(ISERROR(MATCH(1,INDEX(('Списки блоков'!$S$2:$S986=B52)*(ROW('Списки блоков'!$S$2:$S986)<>ROW('Списки блоков'!$S$3)),0),0)),"","Instagram,") &IF(ISERROR(MATCH(1,INDEX(('Списки блоков'!$T$2:$T986=B52)*(ROW('Списки блоков'!$T$2:$T986)<>ROW('Списки блоков'!$T$3)),0),0)),"","Zachёt,") &IF(ISERROR(MATCH(1,INDEX(('Списки блоков'!$U$2:$U986=B52)*(ROW('Списки блоков'!$U$2:$U986)<>ROW('Списки блоков'!$U$3)),0),0)),"","IT,") &IF(ISERROR(MATCH(1,INDEX(('Списки блоков'!$V$2:$V986=B52)*(ROW('Списки блоков'!$V$2:$V986)<>ROW('Списки блоков'!$V$3)),0),0)),"","ДК,")} -> ИнфоБлок,МП,ДК, | F52: 89850759340 | G52: https://vk.com/obitelmashaka | H52: @Obitel_Mashaka | I52: kozhmasha06@gmail.com | J52: Бюджет
A53: Кокорев Петр Михайлович | B53: =LEFT(A53,FIND(CHAR(160),SUBSTITUTE(A53," ",CHAR(160),2)) - 1) -> Кокорев Петр | C53: 113 | D53: метро Крылатское | E53: {=IF(ISERROR(MATCH(1,INDEX(('Списки блоков'!$B$2:$B986=B53)*(ROW('Списки блоков'!$B$2:$B986)<>ROW('Списки блоков'!$B$3)),0),0)),"","БДНС,") &IF(ISERROR(MATCH(1,INDEX(('Списки блоков'!$C$2:$C986=B53)*(ROW('Списки блоков'!$C$2:$C986)<>ROW('Списки блоков'!$C$3)),0),0)),"","Видеолаба,") &IF(ISERROR(MATCH(1,INDEX(('Списки блоков'!$D$2:$D986=B53)*(ROW('Списки блоков'!$D$2:$D986)<>ROW('Списки блоков'!$D$3)),0),0)),"","Декораторы,") &IF(ISERROR(MATCH(1,INDEX(('Списки блоков'!$E$2:$E986=B53)*(ROW('Списки блоков'!$E$2:$E986)<>ROW('Списки блоков'!$E$3)),0),0)),"","Дизайн,") &IF(ISERROR(MATCH(1,INDEX(('Списки блоков'!$F$2:$F986=B53)*(ROW('Списки блоков'!$F$2:$F986)<>ROW('Списки блоков'!$F$3)),0),0)),"","Досуг,") &IF(ISERROR(MATCH(1,INDEX(('Списки блоков'!$G$2:$G986=B53)*(ROW('Списки блоков'!$G$2:$G986)<>ROW('Списки блоков'!$G$3)),0),0)),"","Закупки,") &IF(ISERROR(MATCH(1,INDEX(('Списки блоков'!$H$2:$H986=B53)*(ROW('Списки блоков'!$H$2:$H986)<>ROW('Списки блоков'!$H$3)),0),0)),"","ИнфоБлок,") &IF(ISERROR(MATCH(1,INDEX(('Списки блоков'!$I$2:$I986=B53)*(ROW('Списки блоков'!$I$2:$I986)<>ROW('Списки блоков'!$I$3)),0),0)),"","КГ,") &IF(ISERROR(MATCH(1,INDEX(('Списки блоков'!$J$2:$J986=B53)*(ROW('Списки блоков'!$J$2:$J986)<>ROW('Списки блоков'!$J$3)),0),0)),"","МП,") &IF(ISERROR(MATCH(1,INDEX(('Списки блоков'!$K$2:$K986=B53)*(ROW('Списки блоков'!$K$2:$K986)<>ROW('Списки блоков'!$K$3)),0),0)),"","Профорги,") &IF(ISERROR(MATCH(1,INDEX(('Списки блоков'!$L$2:$L986=B53)*(ROW('Списки блоков'!$L$2:$L986)<>ROW('Списки блоков'!$L$3)),0),0)),"","Спонсоры,") &IF(ISERROR(MATCH(1,INDEX(('Списки блоков'!$M$2:$M986=B53)*(ROW('Списки блоков'!$M$2:$M986)<>ROW('Списки блоков'!$M$3)),0),0)),"","Склад,") &IF(ISERROR(MATCH(1,INDEX(('Списки блоков'!$N$2:$N986=B53)*(ROW('Списки блоков'!$N$2:$N986)<>ROW('Списки блоков'!$N$3)),0),0)),"","Сценаристы,") &IF(ISERROR(MATCH(1,INDEX(('Списки блоков'!$O$2:$O986=B53)*(ROW('Списки блоков'!$O$2:$O986)<>ROW('Списки блоков'!$O$3)),0),0)),"","Техники,") &IF(ISERROR(MATCH(1,INDEX(('Списки блоков'!$P$2:$P986=B53)*(ROW('Списки блоков'!$P$2:$P986)<>ROW('Списки блоков'!$P$3)),0),0)),"","УРС,") &IF(ISERROR(MATCH(1,INDEX(('Списки блоков'!$Q$2:$Q986=B53)*(ROW('Списки блоков'!$Q$2:$Q986)<>ROW('Списки блоков'!$Q$3)),0),0)),"","Фото,") &IF(ISERROR(MATCH(1,INDEX((#REF!=B53)*(ROW(#REF!)<>ROW(#REF!)),0),0)),"","ЭкоБлок,") &IF(ISERROR(MATCH(1,INDEX(('Списки блоков'!$R$2:$R986=B53)*(ROW('Списки блоков'!$R$2:$R986)<>ROW('Списки блоков'!$R$3)),0),0)),"","HR,") &IF(ISERROR(MATCH(1,INDEX(('Списки блоков'!$S$2:$S986=B53)*(ROW('Списки блоков'!$S$2:$S986)<>ROW('Списки блоков'!$S$3)),0),0)),"","Instagram,") &IF(ISERROR(MATCH(1,INDEX(('Списки блоков'!$T$2:$T986=B53)*(ROW('Списки блоков'!$T$2:$T986)<>ROW('Списки блоков'!$T$3)),0),0)),"","Zachёt,") &IF(ISERROR(MATCH(1,INDEX(('Списки блоков'!$U$2:$U986=B53)*(ROW('Списки блоков'!$U$2:$U986)<>ROW('Списки блоков'!$U$3)),0),0)),"","IT,") &IF(ISERROR(MATCH(1,INDEX(('Списки блоков'!$V$2:$V986=B53)*(ROW('Списки блоков'!$V$2:$V986)<>ROW('Списки блоков'!$V$3)),0),0)),"","ДК,")} -> Дизайн, | F53: 89687878776 | G53: https://vk.com/kokorevpp | H53: @kokorevvv | I53: kokorevpp@gmail.com | J53: Бюджет
A54: Концевая Александра Дмитриевна | B54: =LEFT(A54,FIND(CHAR(160),SUBSTITUTE(A54," ",CHAR(160),2)) - 1) -> Концевая Александра | C54: 118 | D54: Беляево | E54: {=IF(ISERROR(MATCH(1,INDEX(('Списки блоков'!$B$2:$B986=B54)*(ROW('Списки блоков'!$B$2:$B986)<>ROW('Списки блоков'!$B$3)),0),0)),"","БДНС,") &IF(ISERROR(MATCH(1,INDEX(('Списки блоков'!$C$2:$C986=B54)*(ROW('Списки блоков'!$C$2:$C986)<>ROW('Списки блоков'!$C$3)),0),0)),"","Видеолаба,") &IF(ISERROR(MATCH(1,INDEX(('Списки блоков'!$D$2:$D986=B54)*(ROW('Списки блоков'!$D$2:$D986)<>ROW('Списки блоков'!$D$3)),0),0)),"","Декораторы,") &IF(ISERROR(MATCH(1,INDEX(('Списки блоков'!$E$2:$E986=B54)*(ROW('Списки блоков'!$E$2:$E986)<>ROW('Списки блоков'!$E$3)),0),0)),"","Дизайн,") &IF(ISERROR(MATCH(1,INDEX(('Списки блоков'!$F$2:$F986=B54)*(ROW('Списки блоков'!$F$2:$F986)<>ROW('Списки блоков'!$F$3)),0),0)),"","Досуг,") &IF(ISERROR(MATCH(1,INDEX(('Списки блоков'!$G$2:$G986=B54)*(ROW('Списки блоков'!$G$2:$G986)<>ROW('Списки блоков'!$G$3)),0),0)),"","Закупки,") &IF(ISERROR(MATCH(1,INDEX(('Списки блоков'!$H$2:$H986=B54)*(ROW('Списки блоков'!$H$2:$H986)<>ROW('Списки блоков'!$H$3)),0),0)),"","ИнфоБлок,") &IF(ISERROR(MATCH(1,INDEX(('Списки блоков'!$I$2:$I986=B54)*(ROW('Списки блоков'!$I$2:$I986)<>ROW('Списки блоков'!$I$3)),0),0)),"","КГ,") &IF(ISERROR(MATCH(1,INDEX(('Списки блоков'!$J$2:$J986=B54)*(ROW('Списки блоков'!$J$2:$J986)<>ROW('Списки блоков'!$J$3)),0),0)),"","МП,") &IF(ISERROR(MATCH(1,INDEX(('Списки блоков'!$K$2:$K986=B54)*(ROW('Списки блоков'!$K$2:$K986)<>ROW('Списки блоков'!$K$3)),0),0)),"","Профорги,") &IF(ISERROR(MATCH(1,INDEX(('Списки блоков'!$L$2:$L986=B54)*(ROW('Списки блоков'!$L$2:$L986)<>ROW('Списки блоков'!$L$3)),0),0)),"","Спонсоры,") &IF(ISERROR(MATCH(1,INDEX(('Списки блоков'!$M$2:$M986=B54)*(ROW('Списки блоков'!$M$2:$M986)<>ROW('Списки блоков'!$M$3)),0),0)),"","Склад,") &IF(ISERROR(MATCH(1,INDEX(('Списки блоков'!$N$2:$N986=B54)*(ROW('Списки блоков'!$N$2:$N986)<>ROW('Списки блоков'!$N$3)),0),0)),"","Сценаристы,") &IF(ISERROR(MATCH(1,INDEX(('Списки блоков'!$O$2:$O986=B54)*(ROW('Списки блоков'!$O$2:$O986)<>ROW('Списки блоков'!$O$3)),0),0)),"","Техники,") &IF(ISERROR(MATCH(1,INDEX(('Списки блоков'!$P$2:$P986=B54)*(ROW('Списки блоков'!$P$2:$P986)<>ROW('Списки блоков'!$P$3)),0),0)),"","УРС,") &IF(ISERROR(MATCH(1,INDEX(('Списки блоков'!$Q$2:$Q986=B54)*(ROW('Списки блоков'!$Q$2:$Q986)<>ROW('Списки блоков'!$Q$3)),0),0)),"","Фото,") &IF(ISERROR(MATCH(1,INDEX((#REF!=B54)*(ROW(#REF!)<>ROW(#REF!)),0),0)),"","ЭкоБлок,") &IF(ISERROR(MATCH(1,INDEX(('Списки блоков'!$R$2:$R986=B54)*(ROW('Списки блоков'!$R$2:$R986)<>ROW('Списки блоков'!$R$3)),0),0)),"","HR,") &IF(ISERROR(MATCH(1,INDEX(('Списки блоков'!$S$2:$S986=B54)*(ROW('Списки блоков'!$S$2:$S986)<>ROW('Списки блоков'!$S$3)),0),0)),"","Instagram,") &IF(ISERROR(MATCH(1,INDEX(('Списки блоков'!$T$2:$T986=B54)*(ROW('Списки блоков'!$T$2:$T986)<>ROW('Списки блоков'!$T$3)),0),0)),"","Zachёt,") &IF(ISERROR(MATCH(1,INDEX(('Списки блоков'!$U$2:$U986=B54)*(ROW('Списки блоков'!$U$2:$U986)<>ROW('Списки блоков'!$U$3)),0),0)),"","IT,") &IF(ISERROR(MATCH(1,INDEX(('Списки блоков'!$V$2:$V986=B54)*(ROW('Списки блоков'!$V$2:$V986)<>ROW('Списки блоков'!$V$3)),0),0)),"","ДК,")} -> Дизайн,Склад,Техники,Instagram, | F54: 89854214461 | G54: https://vk.com/a.sashka123 | H54: @aleksashkaaXD | I54: Alex.koncevil@mail.ru | J54: Контракт
A55: Корж Евгения Юрьевна | B55: =LEFT(A55,FIND(CHAR(160),SUBSTITUTE(A55," ",CHAR(160),2)) - 1) -> Корж Евгения | C55: 217 | D55: ст. метро Войковская | E55: {=IF(ISERROR(MATCH(1,INDEX(('Списки блоков'!$B$2:$B986=B55)*(ROW('Списки блоков'!$B$2:$B986)<>ROW('Списки блоков'!$B$3)),0),0)),"","БДНС,") &IF(ISERROR(MATCH(1,INDEX(('Списки блоков'!$C$2:$C986=B55)*(ROW('Списки блоков'!$C$2:$C986)<>ROW('Списки блоков'!$C$3)),0),0)),"","Видеолаба,") &IF(ISERROR(MATCH(1,INDEX(('Списки блоков'!$D$2:$D986=B55)*(ROW('Списки блоков'!$D$2:$D986)<>ROW('Списки блоков'!$D$3)),0),0)),"","Декораторы,") &IF(ISERROR(MATCH(1,INDEX(('Списки блоков'!$E$2:$E986=B55)*(ROW('Списки блоков'!$E$2:$E986)<>ROW('Списки блоков'!$E$3)),0),0)),"","Дизайн,") &IF(ISERROR(MATCH(1,INDEX(('Списки блоков'!$F$2:$F986=B55)*(ROW('Списки блоков'!$F$2:$F986)<>ROW('Списки блоков'!$F$3)),0),0)),"","Досуг,") &IF(ISERROR(MATCH(1,INDEX(('Списки блоков'!$G$2:$G986=B55)*(ROW('Списки блоков'!$G$2:$G986)<>ROW('Списки блоков'!$G$3)),0),0)),"","Закупки,") &IF(ISERROR(MATCH(1,INDEX(('Списки блоков'!$H$2:$H986=B55)*(ROW('Списки блоков'!$H$2:$H986)<>ROW('Списки блоков'!$H$3)),0),0)),"","ИнфоБлок,") &IF(ISERROR(MATCH(1,INDEX(('Списки блоков'!$I$2:$I986=B55)*(ROW('Списки блоков'!$I$2:$I986)<>ROW('Списки блоков'!$I$3)),0),0)),"","КГ,") &IF(ISERROR(MATCH(1,INDEX(('Списки блоков'!$J$2:$J986=B55)*(ROW('Списки блоков'!$J$2:$J986)<>ROW('Списки блоков'!$J$3)),0),0)),"","МП,") &IF(ISERROR(MATCH(1,INDEX(('Списки блоков'!$K$2:$K986=B55)*(ROW('Списки блоков'!$K$2:$K986)<>ROW('Списки блоков'!$K$3)),0),0)),"","Профорги,") &IF(ISERROR(MATCH(1,INDEX(('Списки блоков'!$L$2:$L986=B55)*(ROW('Списки блоков'!$L$2:$L986)<>ROW('Списки блоков'!$L$3)),0),0)),"","Спонсоры,") &IF(ISERROR(MATCH(1,INDEX(('Списки блоков'!$M$2:$M986=B55)*(ROW('Списки блоков'!$M$2:$M986)<>ROW('Списки блоков'!$M$3)),0),0)),"","Склад,") &IF(ISERROR(MATCH(1,INDEX(('Списки блоков'!$N$2:$N986=B55)*(ROW('Списки блоков'!$N$2:$N986)<>ROW('Списки блоков'!$N$3)),0),0)),"","Сценаристы,") &IF(ISERROR(MATCH(1,INDEX(('Списки блоков'!$O$2:$O986=B55)*(ROW('Списки блоков'!$O$2:$O986)<>ROW('Списки блоков'!$O$3)),0),0)),"","Техники,") &IF(ISERROR(MATCH(1,INDEX(('Списки блоков'!$P$2:$P986=B55)*(ROW('Списки блоков'!$P$2:$P986)<>ROW('Списки блоков'!$P$3)),0),0)),"","УРС,") &IF(ISERROR(MATCH(1,INDEX(('Списки блоков'!$Q$2:$Q986=B55)*(ROW('Списки блоков'!$Q$2:$Q986)<>ROW('Списки блоков'!$Q$3)),0),0)),"","Фото,") &IF(ISERROR(MATCH(1,INDEX((#REF!=B55)*(ROW(#REF!)<>ROW(#REF!)),0),0)),"","ЭкоБлок,") &IF(ISERROR(MATCH(1,INDEX(('Списки блоков'!$R$2:$R986=B55)*(ROW('Списки блоков'!$R$2:$R986)<>ROW('Списки блоков'!$R$3)),0),0)),"","HR,") &IF(ISERROR(MATCH(1,INDEX(('Списки блоков'!$S$2:$S986=B55)*(ROW('Списки блоков'!$S$2:$S986)<>ROW('Списки блоков'!$S$3)),0),0)),"","Instagram,") &IF(ISERROR(MATCH(1,INDEX(('Списки блоков'!$T$2:$T986=B55)*(ROW('Списки блоков'!$T$2:$T986)<>ROW('Списки блоков'!$T$3)),0),0)),"","Zachёt,") &IF(ISERROR(MATCH(1,INDEX(('Списки блоков'!$U$2:$U986=B55)*(ROW('Списки блоков'!$U$2:$U986)<>ROW('Списки блоков'!$U$3)),0),0)),"","IT,") &IF(ISERROR(MATCH(1,INDEX(('Списки блоков'!$V$2:$V986=B55)*(ROW('Списки блоков'!$V$2:$V986)<>ROW('Списки блоков'!$V$3)),0),0)),"","ДК,")} -> Дизайн, | F55: 89160065201 | G55: https://vk.com/evawinter_k | H55: https://t.me/EvaWinter_k | I55: eva.korzh.05@mail.ru | J55: Бюджет
A56: Коробкина Мария Владимировна | B56: =LEFT(A56,FIND(CHAR(160),SUBSTITUTE(A56," ",CHAR(160),2)) - 1) -> Коробкина Мария | C56: 314 | D56: ДСЛ | E56: {=IF(ISERROR(MATCH(1,INDEX(('Списки блоков'!$B$2:$B986=B56)*(ROW('Списки блоков'!$B$2:$B986)<>ROW('Списки блоков'!$B$3)),0),0)),"","БДНС,") &IF(ISERROR(MATCH(1,INDEX(('Списки блоков'!$C$2:$C986=B56)*(ROW('Списки блоков'!$C$2:$C986)<>ROW('Списки блоков'!$C$3)),0),0)),"","Видеолаба,") &IF(ISERROR(MATCH(1,INDEX(('Списки блоков'!$D$2:$D986=B56)*(ROW('Списки блоков'!$D$2:$D986)<>ROW('Списки блоков'!$D$3)),0),0)),"","Декораторы,") &IF(ISERROR(MATCH(1,INDEX(('Списки блоков'!$E$2:$E986=B56)*(ROW('Списки блоков'!$E$2:$E986)<>ROW('Списки блоков'!$E$3)),0),0)),"","Дизайн,") &IF(ISERROR(MATCH(1,INDEX(('Списки блоков'!$F$2:$F986=B56)*(ROW('Списки блоков'!$F$2:$F986)<>ROW('Списки блоков'!$F$3)),0),0)),"","Досуг,") &IF(ISERROR(MATCH(1,INDEX(('Списки блоков'!$G$2:$G986=B56)*(ROW('Списки блоков'!$G$2:$G986)<>ROW('Списки блоков'!$G$3)),0),0)),"","Закупки,") &IF(ISERROR(MATCH(1,INDEX(('Списки блоков'!$H$2:$H986=B56)*(ROW('Списки блоков'!$H$2:$H986)<>ROW('Списки блоков'!$H$3)),0),0)),"","ИнфоБлок,") &IF(ISERROR(MATCH(1,INDEX(('Списки блоков'!$I$2:$I986=B56)*(ROW('Списки блоков'!$I$2:$I986)<>ROW('Списки блоков'!$I$3)),0),0)),"","КГ,") &IF(ISERROR(MATCH(1,INDEX(('Списки блоков'!$J$2:$J986=B56)*(ROW('Списки блоков'!$J$2:$J986)<>ROW('Списки блоков'!$J$3)),0),0)),"","МП,") &IF(ISERROR(MATCH(1,INDEX(('Списки блоков'!$K$2:$K986=B56)*(ROW('Списки блоков'!$K$2:$K986)<>ROW('Списки блоков'!$K$3)),0),0)),"","Профорги,") &IF(ISERROR(MATCH(1,INDEX(('Списки блоков'!$L$2:$L986=B56)*(ROW('Списки блоков'!$L$2:$L986)<>ROW('Списки блоков'!$L$3)),0),0)),"","Спонсоры,") &IF(ISERROR(MATCH(1,INDEX(('Списки блоков'!$M$2:$M986=B56)*(ROW('Списки блоков'!$M$2:$M986)<>ROW('Списки блоков'!$M$3)),0),0)),"","Склад,") &IF(ISERROR(MATCH(1,INDEX(('Списки блоков'!$N$2:$N986=B56)*(ROW('Списки блоков'!$N$2:$N986)<>ROW('Списки блоков'!$N$3)),0),0)),"","Сценаристы,") &IF(ISERROR(MATCH(1,INDEX(('Списки блоков'!$O$2:$O986=B56)*(ROW('Списки блоков'!$O$2:$O986)<>ROW('Списки блоков'!$O$3)),0),0)),"","Техники,") &IF(ISERROR(MATCH(1,INDEX(('Списки блоков'!$P$2:$P986=B56)*(ROW('Списки блоков'!$P$2:$P986)<>ROW('Списки блоков'!$P$3)),0),0)),"","УРС,") &IF(ISERROR(MATCH(1,INDEX(('Списки блоков'!$Q$2:$Q986=B56)*(ROW('Списки блоков'!$Q$2:$Q986)<>ROW('Списки блоков'!$Q$3)),0),0)),"","Фото,") &IF(ISERROR(MATCH(1,INDEX((#REF!=B56)*(ROW(#REF!)<>ROW(#REF!)),0),0)),"","ЭкоБлок,") &IF(ISERROR(MATCH(1,INDEX(('Списки блоков'!$R$2:$R986=B56)*(ROW('Списки блоков'!$R$2:$R986)<>ROW('Списки блоков'!$R$3)),0),0)),"","HR,") &IF(ISERROR(MATCH(1,INDEX(('Списки блоков'!$S$2:$S986=B56)*(ROW('Списки блоков'!$S$2:$S986)<>ROW('Списки блоков'!$S$3)),0),0)),"","Instagram,") &IF(ISERROR(MATCH(1,INDEX(('Списки блоков'!$T$2:$T986=B56)*(ROW('Списки блоков'!$T$2:$T986)<>ROW('Списки блоков'!$T$3)),0),0)),"","Zachёt,") &IF(ISERROR(MATCH(1,INDEX(('Списки блоков'!$U$2:$U986=B56)*(ROW('Списки блоков'!$U$2:$U986)<>ROW('Списки блоков'!$U$3)),0),0)),"","IT,") &IF(ISERROR(MATCH(1,INDEX(('Списки блоков'!$V$2:$V986=B56)*(ROW('Списки блоков'!$V$2:$V986)<>ROW('Списки блоков'!$V$3)),0),0)),"","ДК,")} -> БДНС,Склад, | F56: 89269883591 | G56: https://vk.com/k.mariette | H56: t.me/mariakorobkina | I56: mariakorobkina458@gmail.com | J56: Бюджет
A57: Котляревская Анна Евгеньевна | B57: =LEFT(A57,FIND(CHAR(160),SUBSTITUTE(A57," ",CHAR(160),2)) - 1) -> Котляревская Анна | C57: 321 | D57: Дсл | E57: {=IF(ISERROR(MATCH(1,INDEX(('Списки блоков'!$B$2:$B986=B57)*(ROW('Списки блоков'!$B$2:$B986)<>ROW('Списки блоков'!$B$3)),0),0)),"","БДНС,") &IF(ISERROR(MATCH(1,INDEX(('Списки блоков'!$C$2:$C986=B57)*(ROW('Списки блоков'!$C$2:$C986)<>ROW('Списки блоков'!$C$3)),0),0)),"","Видеолаба,") &IF(ISERROR(MATCH(1,INDEX(('Списки блоков'!$D$2:$D986=B57)*(ROW('Списки блоков'!$D$2:$D986)<>ROW('Списки блоков'!$D$3)),0),0)),"","Декораторы,") &IF(ISERROR(MATCH(1,INDEX(('Списки блоков'!$E$2:$E986=B57)*(ROW('Списки блоков'!$E$2:$E986)<>ROW('Списки блоков'!$E$3)),0),0)),"","Дизайн,") &IF(ISERROR(MATCH(1,INDEX(('Списки блоков'!$F$2:$F986=B57)*(ROW('Списки блоков'!$F$2:$F986)<>ROW('Списки блоков'!$F$3)),0),0)),"","Досуг,") &IF(ISERROR(MATCH(1,INDEX(('Списки блоков'!$G$2:$G986=B57)*(ROW('Списки блоков'!$G$2:$G986)<>ROW('Списки блоков'!$G$3)),0),0)),"","Закупки,") &IF(ISERROR(MATCH(1,INDEX(('Списки блоков'!$H$2:$H986=B57)*(ROW('Списки блоков'!$H$2:$H986)<>ROW('Списки блоков'!$H$3)),0),0)),"","ИнфоБлок,") &IF(ISERROR(MATCH(1,INDEX(('Списки блоков'!$I$2:$I986=B57)*(ROW('Списки блоков'!$I$2:$I986)<>ROW('Списки блоков'!$I$3)),0),0)),"","КГ,") &IF(ISERROR(MATCH(1,INDEX(('Списки блоков'!$J$2:$J986=B57)*(ROW('Списки блоков'!$J$2:$J986)<>ROW('Списки блоков'!$J$3)),0),0)),"","МП,") &IF(ISERROR(MATCH(1,INDEX(('Списки блоков'!$K$2:$K986=B57)*(ROW('Списки блоков'!$K$2:$K986)<>ROW('Списки блоков'!$K$3)),0),0)),"","Профорги,") &IF(ISERROR(MATCH(1,INDEX(('Списки блоков'!$L$2:$L986=B57)*(ROW('Списки блоков'!$L$2:$L986)<>ROW('Списки блоков'!$L$3)),0),0)),"","Спонсоры,") &IF(ISERROR(MATCH(1,INDEX(('Списки блоков'!$M$2:$M986=B57)*(ROW('Списки блоков'!$M$2:$M986)<>ROW('Списки блоков'!$M$3)),0),0)),"","Склад,") &IF(ISERROR(MATCH(1,INDEX(('Списки блоков'!$N$2:$N986=B57)*(ROW('Списки блоков'!$N$2:$N986)<>ROW('Списки блоков'!$N$3)),0),0)),"","Сценаристы,") &IF(ISERROR(MATCH(1,INDEX(('Списки блоков'!$O$2:$O986=B57)*(ROW('Списки блоков'!$O$2:$O986)<>ROW('Списки блоков'!$O$3)),0),0)),"","Техники,") &IF(ISERROR(MATCH(1,INDEX(('Списки блоков'!$P$2:$P986=B57)*(ROW('Списки блоков'!$P$2:$P986)<>ROW('Списки блоков'!$P$3)),0),0)),"","УРС,") &IF(ISERROR(MATCH(1,INDEX(('Списки блоков'!$Q$2:$Q986=B57)*(ROW('Списки блоков'!$Q$2:$Q986)<>ROW('Списки блоков'!$Q$3)),0),0)),"","Фото,") &IF(ISERROR(MATCH(1,INDEX((#REF!=B57)*(ROW(#REF!)<>ROW(#REF!)),0),0)),"","ЭкоБлок,") &IF(ISERROR(MATCH(1,INDEX(('Списки блоков'!$R$2:$R986=B57)*(ROW('Списки блоков'!$R$2:$R986)<>ROW('Списки блоков'!$R$3)),0),0)),"","HR,") &IF(ISERROR(MATCH(1,INDEX(('Списки блоков'!$S$2:$S986=B57)*(ROW('Списки блоков'!$S$2:$S986)<>ROW('Списки блоков'!$S$3)),0),0)),"","Instagram,") &IF(ISERROR(MATCH(1,INDEX(('Списки блоков'!$T$2:$T986=B57)*(ROW('Списки блоков'!$T$2:$T986)<>ROW('Списки блоков'!$T$3)),0),0)),"","Zachёt,") &IF(ISERROR(MATCH(1,INDEX(('Списки блоков'!$U$2:$U986=B57)*(ROW('Списки блоков'!$U$2:$U986)<>ROW('Списки блоков'!$U$3)),0),0)),"","IT,") &IF(ISERROR(MATCH(1,INDEX(('Списки блоков'!$V$2:$V986=B57)*(ROW('Списки блоков'!$V$2:$V986)<>ROW('Списки блоков'!$V$3)),0),0)),"","ДК,")} -> БДНС,Декораторы,Дизайн,КГ,Спонсоры,HR, | F57: 89141913930 | G57: https://vk.com/whoami07 | H57: t.me/an_kto | I57: kotliarevskaiaanya@gmail.com | J57: Бюджет
A58: Коцин Антон Олегович | B58: =LEFT(A58,FIND(CHAR(160),SUBSTITUTE(A58," ",CHAR(160),2)) - 1) -> Коцин Антон | C58: 104 | D58: Ботанический сад | E58: {=IF(ISERROR(MATCH(1,INDEX(('Списки блоков'!$B$2:$B986=B58)*(ROW('Списки блоков'!$B$2:$B986)<>ROW('Списки блоков'!$B$3)),0),0)),"","БДНС,") &IF(ISERROR(MATCH(1,INDEX(('Списки блоков'!$C$2:$C986=B58)*(ROW('Списки блоков'!$C$2:$C986)<>ROW('Списки блоков'!$C$3)),0),0)),"","Видеолаба,") &IF(ISERROR(MATCH(1,INDEX(('Списки блоков'!$D$2:$D986=B58)*(ROW('Списки блоков'!$D$2:$D986)<>ROW('Списки блоков'!$D$3)),0),0)),"","Декораторы,") &IF(ISERROR(MATCH(1,INDEX(('Списки блоков'!$E$2:$E986=B58)*(ROW('Списки блоков'!$E$2:$E986)<>ROW('Списки блоков'!$E$3)),0),0)),"","Дизайн,") &IF(ISERROR(MATCH(1,INDEX(('Списки блоков'!$F$2:$F986=B58)*(ROW('Списки блоков'!$F$2:$F986)<>ROW('Списки блоков'!$F$3)),0),0)),"","Досуг,") &IF(ISERROR(MATCH(1,INDEX(('Списки блоков'!$G$2:$G986=B58)*(ROW('Списки блоков'!$G$2:$G986)<>ROW('Списки блоков'!$G$3)),0),0)),"","Закупки,") &IF(ISERROR(MATCH(1,INDEX(('Списки блоков'!$H$2:$H986=B58)*(ROW('Списки блоков'!$H$2:$H986)<>ROW('Списки блоков'!$H$3)),0),0)),"","ИнфоБлок,") &IF(ISERROR(MATCH(1,INDEX(('Списки блоков'!$I$2:$I986=B58)*(ROW('Списки блоков'!$I$2:$I986)<>ROW('Списки блоков'!$I$3)),0),0)),"","КГ,") &IF(ISERROR(MATCH(1,INDEX(('Списки блоков'!$J$2:$J986=B58)*(ROW('Списки блоков'!$J$2:$J986)<>ROW('Списки блоков'!$J$3)),0),0)),"","МП,") &IF(ISERROR(MATCH(1,INDEX(('Списки блоков'!$K$2:$K986=B58)*(ROW('Списки блоков'!$K$2:$K986)<>ROW('Списки блоков'!$K$3)),0),0)),"","Профорги,") &IF(ISERROR(MATCH(1,INDEX(('Списки блоков'!$L$2:$L986=B58)*(ROW('Списки блоков'!$L$2:$L986)<>ROW('Списки блоков'!$L$3)),0),0)),"","Спонсоры,") &IF(ISERROR(MATCH(1,INDEX(('Списки блоков'!$M$2:$M986=B58)*(ROW('Списки блоков'!$M$2:$M986)<>ROW('Списки блоков'!$M$3)),0),0)),"","Склад,") &IF(ISERROR(MATCH(1,INDEX(('Списки блоков'!$N$2:$N986=B58)*(ROW('Списки блоков'!$N$2:$N986)<>ROW('Списки блоков'!$N$3)),0),0)),"","Сценаристы,") &IF(ISERROR(MATCH(1,INDEX(('Списки блоков'!$O$2:$O986=B58)*(ROW('Списки блоков'!$O$2:$O986)<>ROW('Списки блоков'!$O$3)),0),0)),"","Техники,") &IF(ISERROR(MATCH(1,INDEX(('Списки блоков'!$P$2:$P986=B58)*(ROW('Списки блоков'!$P$2:$P986)<>ROW('Списки блоков'!$P$3)),0),0)),"","УРС,") &IF(ISERROR(MATCH(1,INDEX(('Списки блоков'!$Q$2:$Q986=B58)*(ROW('Списки блоков'!$Q$2:$Q986)<>ROW('Списки блоков'!$Q$3)),0),0)),"","Фото,") &IF(ISERROR(MATCH(1,INDEX((#REF!=B58)*(ROW(#REF!)<>ROW(#REF!)),0),0)),"","ЭкоБлок,") &IF(ISERROR(MATCH(1,INDEX(('Списки блоков'!$R$2:$R986=B58)*(ROW('Списки блоков'!$R$2:$R986)<>ROW('Списки блоков'!$R$3)),0),0)),"","HR,") &IF(ISERROR(MATCH(1,INDEX(('Списки блоков'!$S$2:$S986=B58)*(ROW('Списки блоков'!$S$2:$S986)<>ROW('Списки блоков'!$S$3)),0),0)),"","Instagram,") &IF(ISERROR(MATCH(1,INDEX(('Списки блоков'!$T$2:$T986=B58)*(ROW('Списки блоков'!$T$2:$T986)<>ROW('Списки блоков'!$T$3)),0),0)),"","Zachёt,") &IF(ISERROR(MATCH(1,INDEX(('Списки блоков'!$U$2:$U986=B58)*(ROW('Списки блоков'!$U$2:$U986)<>ROW('Списки блоков'!$U$3)),0),0)),"","IT,") &IF(ISERROR(MATCH(1,INDEX(('Списки блоков'!$V$2:$V986=B58)*(ROW('Списки блоков'!$V$2:$V986)<>ROW('Списки блоков'!$V$3)),0),0)),"","ДК,")} -> Техники,IT, | F58: 89165856669 | G58: https://vk.com/xddtzxaa | H58: @xddtzxaa | I58: anton.kotsin@gmail.com | J58: Бюджет
A59: Кочеткова Маргарита Сергеевна | B59: =LEFT(A59,FIND(CHAR(160),SUBSTITUTE(A59," ",CHAR(160),2)) - 1) -> Кочеткова Маргарита | C59: 201 | D59: ДСЛ | E59: {=IF(ISERROR(MATCH(1,INDEX(('Списки блоков'!$B$2:$B986=B59)*(ROW('Списки блоков'!$B$2:$B986)<>ROW('Списки блоков'!$B$3)),0),0)),"","БДНС,") &IF(ISERROR(MATCH(1,INDEX(('Списки блоков'!$C$2:$C986=B59)*(ROW('Списки блоков'!$C$2:$C986)<>ROW('Списки блоков'!$C$3)),0),0)),"","Видеолаба,") &IF(ISERROR(MATCH(1,INDEX(('Списки блоков'!$D$2:$D986=B59)*(ROW('Списки блоков'!$D$2:$D986)<>ROW('Списки блоков'!$D$3)),0),0)),"","Декораторы,") &IF(ISERROR(MATCH(1,INDEX(('Списки блоков'!$E$2:$E986=B59)*(ROW('Списки блоков'!$E$2:$E986)<>ROW('Списки блоков'!$E$3)),0),0)),"","Дизайн,") &IF(ISERROR(MATCH(1,INDEX(('Списки блоков'!$F$2:$F986=B59)*(ROW('Списки блоков'!$F$2:$F986)<>ROW('Списки блоков'!$F$3)),0),0)),"","Досуг,") &IF(ISERROR(MATCH(1,INDEX(('Списки блоков'!$G$2:$G986=B59)*(ROW('Списки блоков'!$G$2:$G986)<>ROW('Списки блоков'!$G$3)),0),0)),"","Закупки,") &IF(ISERROR(MATCH(1,INDEX(('Списки блоков'!$H$2:$H986=B59)*(ROW('Списки блоков'!$H$2:$H986)<>ROW('Списки блоков'!$H$3)),0),0)),"","ИнфоБлок,") &IF(ISERROR(MATCH(1,INDEX(('Списки блоков'!$I$2:$I986=B59)*(ROW('Списки блоков'!$I$2:$I986)<>ROW('Списки блоков'!$I$3)),0),0)),"","КГ,") &IF(ISERROR(MATCH(1,INDEX(('Списки блоков'!$J$2:$J986=B59)*(ROW('Списки блоков'!$J$2:$J986)<>ROW('Списки блоков'!$J$3)),0),0)),"","МП,") &IF(ISERROR(MATCH(1,INDEX(('Списки блоков'!$K$2:$K986=B59)*(ROW('Списки блоков'!$K$2:$K986)<>ROW('Списки блоков'!$K$3)),0),0)),"","Профорги,") &IF(ISERROR(MATCH(1,INDEX(('Списки блоков'!$L$2:$L986=B59)*(ROW('Списки блоков'!$L$2:$L986)<>ROW('Списки блоков'!$L$3)),0),0)),"","Спонсоры,") &IF(ISERROR(MATCH(1,INDEX(('Списки блоков'!$M$2:$M986=B59)*(ROW('Списки блоков'!$M$2:$M986)<>ROW('Списки блоков'!$M$3)),0),0)),"","Склад,") &IF(ISERROR(MATCH(1,INDEX(('Списки блоков'!$N$2:$N986=B59)*(ROW('Списки блоков'!$N$2:$N986)<>ROW('Списки блоков'!$N$3)),0),0)),"","Сценаристы,") &IF(ISERROR(MATCH(1,INDEX(('Списки блоков'!$O$2:$O986=B59)*(ROW('Списки блоков'!$O$2:$O986)<>ROW('Списки блоков'!$O$3)),0),0)),"","Техники,") &IF(ISERROR(MATCH(1,INDEX(('Списки блоков'!$P$2:$P986=B59)*(ROW('Списки блоков'!$P$2:$P986)<>ROW('Списки блоков'!$P$3)),0),0)),"","УРС,") &IF(ISERROR(MATCH(1,INDEX(('Списки блоков'!$Q$2:$Q986=B59)*(ROW('Списки блоков'!$Q$2:$Q986)<>ROW('Списки блоков'!$Q$3)),0),0)),"","Фото,") &IF(ISERROR(MATCH(1,INDEX((#REF!=B59)*(ROW(#REF!)<>ROW(#REF!)),0),0)),"","ЭкоБлок,") &IF(ISERROR(MATCH(1,INDEX(('Списки блоков'!$R$2:$R986=B59)*(ROW('Списки блоков'!$R$2:$R986)<>ROW('Списки блоков'!$R$3)),0),0)),"","HR,") &IF(ISERROR(MATCH(1,INDEX(('Списки блоков'!$S$2:$S986=B59)*(ROW('Списки блоков'!$S$2:$S986)<>ROW('Списки блоков'!$S$3)),0),0)),"","Instagram,") &IF(ISERROR(MATCH(1,INDEX(('Списки блоков'!$T$2:$T986=B59)*(ROW('Списки блоков'!$T$2:$T986)<>ROW('Списки блоков'!$T$3)),0),0)),"","Zachёt,") &IF(ISERROR(MATCH(1,INDEX(('Списки блоков'!$U$2:$U986=B59)*(ROW('Списки блоков'!$U$2:$U986)<>ROW('Списки блоков'!$U$3)),0),0)),"","IT,") &IF(ISERROR(MATCH(1,INDEX(('Списки блоков'!$V$2:$V986=B59)*(ROW('Списки блоков'!$V$2:$V986)<>ROW('Списки блоков'!$V$3)),0),0)),"","ДК,")} -> Дизайн,КГ,Сценаристы,HR,ДК, | F59: 89773756944 | G59: https://vk.com/margokoch | H59: @margoretta | I59: margo.koch.2006@gmail.com | J59: Бюджет
A60: Кужагильдин Богдан Булатович | B60: =LEFT(A60,FIND(CHAR(160),SUBSTITUTE(A60," ",CHAR(160),2)) - 1) -> Кужагильдин Богдан | C60: 107 | D60: ДСЛ | E60: {=IF(ISERROR(MATCH(1,INDEX(('Списки блоков'!$B$2:$B986=B60)*(ROW('Списки блоков'!$B$2:$B986)<>ROW('Списки блоков'!$B$3)),0),0)),"","БДНС,") &IF(ISERROR(MATCH(1,INDEX(('Списки блоков'!$C$2:$C986=B60)*(ROW('Списки блоков'!$C$2:$C986)<>ROW('Списки блоков'!$C$3)),0),0)),"","Видеолаба,") &IF(ISERROR(MATCH(1,INDEX(('Списки блоков'!$D$2:$D986=B60)*(ROW('Списки блоков'!$D$2:$D986)<>ROW('Списки блоков'!$D$3)),0),0)),"","Декораторы,") &IF(ISERROR(MATCH(1,INDEX(('Списки блоков'!$E$2:$E986=B60)*(ROW('Списки блоков'!$E$2:$E986)<>ROW('Списки блоков'!$E$3)),0),0)),"","Дизайн,") &IF(ISERROR(MATCH(1,INDEX(('Списки блоков'!$F$2:$F986=B60)*(ROW('Списки блоков'!$F$2:$F986)<>ROW('Списки блоков'!$F$3)),0),0)),"","Досуг,") &IF(ISERROR(MATCH(1,INDEX(('Списки блоков'!$G$2:$G986=B60)*(ROW('Списки блоков'!$G$2:$G986)<>ROW('Списки блоков'!$G$3)),0),0)),"","Закупки,") &IF(ISERROR(MATCH(1,INDEX(('Списки блоков'!$H$2:$H986=B60)*(ROW('Списки блоков'!$H$2:$H986)<>ROW('Списки блоков'!$H$3)),0),0)),"","ИнфоБлок,") &IF(ISERROR(MATCH(1,INDEX(('Списки блоков'!$I$2:$I986=B60)*(ROW('Списки блоков'!$I$2:$I986)<>ROW('Списки блоков'!$I$3)),0),0)),"","КГ,") &IF(ISERROR(MATCH(1,INDEX(('Списки блоков'!$J$2:$J986=B60)*(ROW('Списки блоков'!$J$2:$J986)<>ROW('Списки блоков'!$J$3)),0),0)),"","МП,") &IF(ISERROR(MATCH(1,INDEX(('Списки блоков'!$K$2:$K986=B60)*(ROW('Списки блоков'!$K$2:$K986)<>ROW('Списки блоков'!$K$3)),0),0)),"","Профорги,") &IF(ISERROR(MATCH(1,INDEX(('Списки блоков'!$L$2:$L986=B60)*(ROW('Списки блоков'!$L$2:$L986)<>ROW('Списки блоков'!$L$3)),0),0)),"","Спонсоры,") &IF(ISERROR(MATCH(1,INDEX(('Списки блоков'!$M$2:$M986=B60)*(ROW('Списки блоков'!$M$2:$M986)<>ROW('Списки блоков'!$M$3)),0),0)),"","Склад,") &IF(ISERROR(MATCH(1,INDEX(('Списки блоков'!$N$2:$N986=B60)*(ROW('Списки блоков'!$N$2:$N986)<>ROW('Списки блоков'!$N$3)),0),0)),"","Сценаристы,") &IF(ISERROR(MATCH(1,INDEX(('Списки блоков'!$O$2:$O986=B60)*(ROW('Списки блоков'!$O$2:$O986)<>ROW('Списки блоков'!$O$3)),0),0)),"","Техники,") &IF(ISERROR(MATCH(1,INDEX(('Списки блоков'!$P$2:$P986=B60)*(ROW('Списки блоков'!$P$2:$P986)<>ROW('Списки блоков'!$P$3)),0),0)),"","УРС,") &IF(ISERROR(MATCH(1,INDEX(('Списки блоков'!$Q$2:$Q986=B60)*(ROW('Списки блоков'!$Q$2:$Q986)<>ROW('Списки блоков'!$Q$3)),0),0)),"","Фото,") &IF(ISERROR(MATCH(1,INDEX((#REF!=B60)*(ROW(#REF!)<>ROW(#REF!)),0),0)),"","ЭкоБлок,") &IF(ISERROR(MATCH(1,INDEX(('Списки блоков'!$R$2:$R986=B60)*(ROW('Списки блоков'!$R$2:$R986)<>ROW('Списки блоков'!$R$3)),0),0)),"","HR,") &IF(ISERROR(MATCH(1,INDEX(('Списки блоков'!$S$2:$S986=B60)*(ROW('Списки блоков'!$S$2:$S986)<>ROW('Списки блоков'!$S$3)),0),0)),"","Instagram,") &IF(ISERROR(MATCH(1,INDEX(('Списки блоков'!$T$2:$T986=B60)*(ROW('Списки блоков'!$T$2:$T986)<>ROW('Списки блоков'!$T$3)),0),0)),"","Zachёt,") &IF(ISERROR(MATCH(1,INDEX(('Списки блоков'!$U$2:$U986=B60)*(ROW('Списки блоков'!$U$2:$U986)<>ROW('Списки блоков'!$U$3)),0),0)),"","IT,") &IF(ISERROR(MATCH(1,INDEX(('Списки блоков'!$V$2:$V986=B60)*(ROW('Списки блоков'!$V$2:$V986)<>ROW('Списки блоков'!$V$3)),0),0)),"","ДК,")} -> Склад, | F60: 89507359993 | G60: vk.com/papa_katsuu | H60: t.me/marr0xx | I60: bogdanplay922@gmail.com | J60: Бюджет
A61: Кузовлева Виктория Андреевна | B61: =LEFT(A61,FIND(CHAR(160),SUBSTITUTE(A61," ",CHAR(160),2)) - 1) -> Кузовлева Виктория | C61: 327 | D61: Медведково | E61: {=IF(ISERROR(MATCH(1,INDEX(('Списки блоков'!$B$2:$B986=B61)*(ROW('Списки блоков'!$B$2:$B986)<>ROW('Списки блоков'!$B$3)),0),0)),"","БДНС,") &IF(ISERROR(MATCH(1,INDEX(('Списки блоков'!$C$2:$C986=B61)*(ROW('Списки блоков'!$C$2:$C986)<>ROW('Списки блоков'!$C$3)),0),0)),"","Видеолаба,") &IF(ISERROR(MATCH(1,INDEX(('Списки блоков'!$D$2:$D986=B61)*(ROW('Списки блоков'!$D$2:$D986)<>ROW('Списки блоков'!$D$3)),0),0)),"","Декораторы,") &IF(ISERROR(MATCH(1,INDEX(('Списки блоков'!$E$2:$E986=B61)*(ROW('Списки блоков'!$E$2:$E986)<>ROW('Списки блоков'!$E$3)),0),0)),"","Дизайн,") &IF(ISERROR(MATCH(1,INDEX(('Списки блоков'!$F$2:$F986=B61)*(ROW('Списки блоков'!$F$2:$F986)<>ROW('Списки блоков'!$F$3)),0),0)),"","Досуг,") &IF(ISERROR(MATCH(1,INDEX(('Списки блоков'!$G$2:$G986=B61)*(ROW('Списки блоков'!$G$2:$G986)<>ROW('Списки блоков'!$G$3)),0),0)),"","Закупки,") &IF(ISERROR(MATCH(1,INDEX(('Списки блоков'!$H$2:$H986=B61)*(ROW('Списки блоков'!$H$2:$H986)<>ROW('Списки блоков'!$H$3)),0),0)),"","ИнфоБлок,") &IF(ISERROR(MATCH(1,INDEX(('Списки блоков'!$I$2:$I986=B61)*(ROW('Списки блоков'!$I$2:$I986)<>ROW('Списки блоков'!$I$3)),0),0)),"","КГ,") &IF(ISERROR(MATCH(1,INDEX(('Списки блоков'!$J$2:$J986=B61)*(ROW('Списки блоков'!$J$2:$J986)<>ROW('Списки блоков'!$J$3)),0),0)),"","МП,") &IF(ISERROR(MATCH(1,INDEX(('Списки блоков'!$K$2:$K986=B61)*(ROW('Списки блоков'!$K$2:$K986)<>ROW('Списки блоков'!$K$3)),0),0)),"","Профорги,") &IF(ISERROR(MATCH(1,INDEX(('Списки блоков'!$L$2:$L986=B61)*(ROW('Списки блоков'!$L$2:$L986)<>ROW('Списки блоков'!$L$3)),0),0)),"","Спонсоры,") &IF(ISERROR(MATCH(1,INDEX(('Списки блоков'!$M$2:$M986=B61)*(ROW('Списки блоков'!$M$2:$M986)<>ROW('Списки блоков'!$M$3)),0),0)),"","Склад,") &IF(ISERROR(MATCH(1,INDEX(('Списки блоков'!$N$2:$N986=B61)*(ROW('Списки блоков'!$N$2:$N986)<>ROW('Списки блоков'!$N$3)),0),0)),"","Сценаристы,") &IF(ISERROR(MATCH(1,INDEX(('Списки блоков'!$O$2:$O986=B61)*(ROW('Списки блоков'!$O$2:$O986)<>ROW('Списки блоков'!$O$3)),0),0)),"","Техники,") &IF(ISERROR(MATCH(1,INDEX(('Списки блоков'!$P$2:$P986=B61)*(ROW('Списки блоков'!$P$2:$P986)<>ROW('Списки блоков'!$P$3)),0),0)),"","УРС,") &IF(ISERROR(MATCH(1,INDEX(('Списки блоков'!$Q$2:$Q986=B61)*(ROW('Списки блоков'!$Q$2:$Q986)<>ROW('Списки блоков'!$Q$3)),0),0)),"","Фото,") &IF(ISERROR(MATCH(1,INDEX((#REF!=B61)*(ROW(#REF!)<>ROW(#REF!)),0),0)),"","ЭкоБлок,") &IF(ISERROR(MATCH(1,INDEX(('Списки блоков'!$R$2:$R986=B61)*(ROW('Списки блоков'!$R$2:$R986)<>ROW('Списки блоков'!$R$3)),0),0)),"","HR,") &IF(ISERROR(MATCH(1,INDEX(('Списки блоков'!$S$2:$S986=B61)*(ROW('Списки блоков'!$S$2:$S986)<>ROW('Списки блоков'!$S$3)),0),0)),"","Instagram,") &IF(ISERROR(MATCH(1,INDEX(('Списки блоков'!$T$2:$T986=B61)*(ROW('Списки блоков'!$T$2:$T986)<>ROW('Списки блоков'!$T$3)),0),0)),"","Zachёt,") &IF(ISERROR(MATCH(1,INDEX(('Списки блоков'!$U$2:$U986=B61)*(ROW('Списки блоков'!$U$2:$U986)<>ROW('Списки блоков'!$U$3)),0),0)),"","IT,") &IF(ISERROR(MATCH(1,INDEX(('Списки блоков'!$V$2:$V986=B61)*(ROW('Списки блоков'!$V$2:$V986)<>ROW('Списки блоков'!$V$3)),0),0)),"","ДК,")} -> ИнфоБлок,Сценаристы, | F61: 89772802774 | G61: https://vk.com/astvic | H61: @astviori | I61: astvicori@gmail.com | J61: Бюджет
